--------------------------------------------------------
--  File created - Thursday-October-06-2022   
--------------------------------------------------------
--------------------------------------------------------
--  DDL for Sequence HIBERNATE_SEQUENCE
--------------------------------------------------------

   CREATE SEQUENCE  "HIBERNATE_SEQUENCE"  MINVALUE 1 MAXVALUE 9999999999999999999999999999 INCREMENT BY 1 START WITH 381 CACHE 20 NOORDER  NOCYCLE  NOKEEP  NOSCALE  GLOBAL ;
--------------------------------------------------------
--  DDL for Table ACCOUNTS
--------------------------------------------------------

  CREATE TABLE "ACCOUNTS" 
   (	"ACCOUNT_ID" NUMBER GENERATED BY DEFAULT ON NULL AS IDENTITY MINVALUE 1 MAXVALUE 9999999999999999999999999999 INCREMENT BY 1 START WITH 1 CACHE 20 NOORDER  NOCYCLE  NOKEEP  NOSCALE , 
	"EMAIL" VARCHAR2(50 BYTE), 
	"HASHED_PASSWORD" VARCHAR2(250 BYTE), 
	"FULL_NAME" NVARCHAR2(100), 
	"PHONE" VARCHAR2(20 BYTE), 
	"ACCOUNT_ROLE" VARCHAR2(20 BYTE) DEFAULT ON NULL 'Customer', 
	"CREATED_AT" DATE DEFAULT ON NULL sysdate
   ) SEGMENT CREATION IMMEDIATE 
  PCTFREE 10 PCTUSED 40 INITRANS 1 MAXTRANS 255 
 NOCOMPRESS LOGGING
  STORAGE(INITIAL 65536 NEXT 1048576 MINEXTENTS 1 MAXEXTENTS 2147483645
  PCTINCREASE 0 FREELISTS 1 FREELIST GROUPS 1
  BUFFER_POOL DEFAULT FLASH_CACHE DEFAULT CELL_FLASH_CACHE DEFAULT)
  TABLESPACE "USERS" ;
--------------------------------------------------------
--  DDL for Table CARTS
--------------------------------------------------------

  CREATE TABLE "CARTS" 
   (	"CART_ID" NUMBER GENERATED BY DEFAULT ON NULL AS IDENTITY MINVALUE 1 MAXVALUE 9999999999999999999999999999 INCREMENT BY 1 START WITH 1 CACHE 20 NOORDER  NOCYCLE  NOKEEP  NOSCALE , 
	"ACCOUNT_ID_PK" NUMBER
   ) SEGMENT CREATION IMMEDIATE 
  PCTFREE 10 PCTUSED 40 INITRANS 1 MAXTRANS 255 
 NOCOMPRESS LOGGING
  STORAGE(INITIAL 65536 NEXT 1048576 MINEXTENTS 1 MAXEXTENTS 2147483645
  PCTINCREASE 0 FREELISTS 1 FREELIST GROUPS 1
  BUFFER_POOL DEFAULT FLASH_CACHE DEFAULT CELL_FLASH_CACHE DEFAULT)
  TABLESPACE "USERS" ;
--------------------------------------------------------
--  DDL for Table CART_ITEMS
--------------------------------------------------------

  CREATE TABLE "CART_ITEMS" 
   (	"ITEM_ID" NUMBER GENERATED BY DEFAULT ON NULL AS IDENTITY MINVALUE 1 MAXVALUE 9999999999999999999999999999 INCREMENT BY 1 START WITH 1 CACHE 20 NOORDER  NOCYCLE  NOKEEP  NOSCALE , 
	"CART_ID_PK" NUMBER, 
	"PRODUCT_DETAIL_ID_PK" NUMBER, 
	"QUANTITY" NUMBER DEFAULT 1
   ) SEGMENT CREATION IMMEDIATE 
  PCTFREE 10 PCTUSED 40 INITRANS 1 MAXTRANS 255 
 NOCOMPRESS LOGGING
  STORAGE(INITIAL 65536 NEXT 1048576 MINEXTENTS 1 MAXEXTENTS 2147483645
  PCTINCREASE 0 FREELISTS 1 FREELIST GROUPS 1
  BUFFER_POOL DEFAULT FLASH_CACHE DEFAULT CELL_FLASH_CACHE DEFAULT)
  TABLESPACE "USERS" ;
--------------------------------------------------------
--  DDL for Table CATEGORIES
--------------------------------------------------------

  CREATE TABLE "CATEGORIES" 
   (	"CATEGORY_ID" NUMBER GENERATED BY DEFAULT ON NULL AS IDENTITY MINVALUE 1 MAXVALUE 9999999999999999999999999999 INCREMENT BY 1 START WITH 1 CACHE 20 NOORDER  NOCYCLE  NOKEEP  NOSCALE , 
	"PARENT_ID" NUMBER DEFAULT null, 
	"CATEGORY_NAME" NVARCHAR2(100), 
	"CATEGORY_ALIAS" VARCHAR2(100 BYTE), 
	"THUMBNAIL" VARCHAR2(250 BYTE)
   ) SEGMENT CREATION IMMEDIATE 
  PCTFREE 10 PCTUSED 40 INITRANS 1 MAXTRANS 255 
 NOCOMPRESS LOGGING
  STORAGE(INITIAL 65536 NEXT 1048576 MINEXTENTS 1 MAXEXTENTS 2147483645
  PCTINCREASE 0 FREELISTS 1 FREELIST GROUPS 1
  BUFFER_POOL DEFAULT FLASH_CACHE DEFAULT CELL_FLASH_CACHE DEFAULT)
  TABLESPACE "USERS" ;
--------------------------------------------------------
--  DDL for Table COUPONS
--------------------------------------------------------

  CREATE TABLE "COUPONS" 
   (	"COUPON_ID" NUMBER GENERATED BY DEFAULT ON NULL AS IDENTITY MINVALUE 1 MAXVALUE 9999999999999999999999999999 INCREMENT BY 1 START WITH 1 CACHE 20 NOORDER  NOCYCLE  NOKEEP  NOSCALE , 
	"START_DATE" DATE, 
	"END_DATE" DATE, 
	"PRICE_DISCOUNT" NUMBER DEFAULT ON NULL 0, 
	"CODE" VARCHAR2(10 BYTE), 
	"MIN_PRICE" NUMBER
   ) SEGMENT CREATION IMMEDIATE 
  PCTFREE 10 PCTUSED 40 INITRANS 1 MAXTRANS 255 
 NOCOMPRESS LOGGING
  STORAGE(INITIAL 65536 NEXT 1048576 MINEXTENTS 1 MAXEXTENTS 2147483645
  PCTINCREASE 0 FREELISTS 1 FREELIST GROUPS 1
  BUFFER_POOL DEFAULT FLASH_CACHE DEFAULT CELL_FLASH_CACHE DEFAULT)
  TABLESPACE "USERS" ;
--------------------------------------------------------
--  DDL for Table ORDERS
--------------------------------------------------------

  CREATE TABLE "ORDERS" 
   (	"ORDER_ID" NUMBER GENERATED BY DEFAULT ON NULL AS IDENTITY MINVALUE 1 MAXVALUE 9999999999999999999999999999 INCREMENT BY 1 START WITH 1 CACHE 20 NOORDER  NOCYCLE  NOKEEP  NOSCALE , 
	"ACCOUNT_ID_PK" NUMBER, 
	"ORDER_STATUS" NVARCHAR2(200) DEFAULT ON NULL 'Đang xử lý', 
	"CREATED_AT" DATE DEFAULT sysdate, 
	"PROVINCE" NVARCHAR2(50), 
	"DISTRICT" NVARCHAR2(50), 
	"WARD" NVARCHAR2(50), 
	"ADDRESS" NVARCHAR2(150), 
	"SHIPPING_PRICE" NUMBER DEFAULT ON NULL 0, 
	"FULL_NAME" NVARCHAR2(100), 
	"PHONE" NVARCHAR2(100)
   ) SEGMENT CREATION IMMEDIATE 
  PCTFREE 10 PCTUSED 40 INITRANS 1 MAXTRANS 255 
 NOCOMPRESS LOGGING
  STORAGE(INITIAL 65536 NEXT 1048576 MINEXTENTS 1 MAXEXTENTS 2147483645
  PCTINCREASE 0 FREELISTS 1 FREELIST GROUPS 1
  BUFFER_POOL DEFAULT FLASH_CACHE DEFAULT CELL_FLASH_CACHE DEFAULT)
  TABLESPACE "USERS" ;
--------------------------------------------------------
--  DDL for Table ORDER_COUPONS
--------------------------------------------------------

  CREATE TABLE "ORDER_COUPONS" 
   (	"ORDER_ID_PK" NUMBER, 
	"COUPON_ID_PK" NUMBER
   ) SEGMENT CREATION IMMEDIATE 
  PCTFREE 10 PCTUSED 40 INITRANS 1 MAXTRANS 255 
 NOCOMPRESS LOGGING
  STORAGE(INITIAL 65536 NEXT 1048576 MINEXTENTS 1 MAXEXTENTS 2147483645
  PCTINCREASE 0 FREELISTS 1 FREELIST GROUPS 1
  BUFFER_POOL DEFAULT FLASH_CACHE DEFAULT CELL_FLASH_CACHE DEFAULT)
  TABLESPACE "USERS" ;
--------------------------------------------------------
--  DDL for Table ORDER_ITEMS
--------------------------------------------------------

  CREATE TABLE "ORDER_ITEMS" 
   (	"ITEM_ID" NUMBER GENERATED BY DEFAULT ON NULL AS IDENTITY MINVALUE 1 MAXVALUE 9999999999999999999999999999 INCREMENT BY 1 START WITH 1 CACHE 20 NOORDER  NOCYCLE  NOKEEP  NOSCALE , 
	"ORDER_ID_PK" NUMBER, 
	"PRODUCT_DETAIL_ID_PK" NUMBER, 
	"PRICE" NUMBER, 
	"QUANTITY" NUMBER
   ) SEGMENT CREATION IMMEDIATE 
  PCTFREE 10 PCTUSED 40 INITRANS 1 MAXTRANS 255 
 NOCOMPRESS LOGGING
  STORAGE(INITIAL 65536 NEXT 1048576 MINEXTENTS 1 MAXEXTENTS 2147483645
  PCTINCREASE 0 FREELISTS 1 FREELIST GROUPS 1
  BUFFER_POOL DEFAULT FLASH_CACHE DEFAULT CELL_FLASH_CACHE DEFAULT)
  TABLESPACE "USERS" ;
--------------------------------------------------------
--  DDL for Table PRODUCTS
--------------------------------------------------------

  CREATE TABLE "PRODUCTS" 
   (	"PRODUCT_ID" NUMBER GENERATED BY DEFAULT ON NULL AS IDENTITY MINVALUE 1 MAXVALUE 9999999999999999999999999999 INCREMENT BY 1 START WITH 1 CACHE 20 NOORDER  NOCYCLE  NOKEEP  NOSCALE , 
	"PRODUCT_NAME" NVARCHAR2(200), 
	"THUMBNAIL" VARCHAR2(250 BYTE), 
	"PRICE" NUMBER, 
	"NEW_PRICE" NUMBER DEFAULT null, 
	"PRODUCT_ALIAS" VARCHAR2(100 BYTE), 
	"CREATED_AT" DATE DEFAULT ON NULL sysdate
   ) SEGMENT CREATION IMMEDIATE 
  PCTFREE 10 PCTUSED 40 INITRANS 1 MAXTRANS 255 
 NOCOMPRESS LOGGING
  STORAGE(INITIAL 65536 NEXT 1048576 MINEXTENTS 1 MAXEXTENTS 2147483645
  PCTINCREASE 0 FREELISTS 1 FREELIST GROUPS 1
  BUFFER_POOL DEFAULT FLASH_CACHE DEFAULT CELL_FLASH_CACHE DEFAULT)
  TABLESPACE "USERS" ;
--------------------------------------------------------
--  DDL for Table PRODUCT_CATEGORIES
--------------------------------------------------------

  CREATE TABLE "PRODUCT_CATEGORIES" 
   (	"ITEM_ID" NUMBER GENERATED BY DEFAULT ON NULL AS IDENTITY MINVALUE 1 MAXVALUE 9999999999999999999999999999 INCREMENT BY 1 START WITH 1 CACHE 20 NOORDER  NOCYCLE  NOKEEP  NOSCALE , 
	"CATEGORY_ID_PK" NUMBER, 
	"PRODUCT_ID_PK" NUMBER
   ) SEGMENT CREATION IMMEDIATE 
  PCTFREE 10 PCTUSED 40 INITRANS 1 MAXTRANS 255 
 NOCOMPRESS LOGGING
  STORAGE(INITIAL 65536 NEXT 1048576 MINEXTENTS 1 MAXEXTENTS 2147483645
  PCTINCREASE 0 FREELISTS 1 FREELIST GROUPS 1
  BUFFER_POOL DEFAULT FLASH_CACHE DEFAULT CELL_FLASH_CACHE DEFAULT)
  TABLESPACE "USERS" ;
--------------------------------------------------------
--  DDL for Table PRODUCT_DETAILS
--------------------------------------------------------

  CREATE TABLE "PRODUCT_DETAILS" 
   (	"PRODUCT_DETAIL_ID" NUMBER GENERATED BY DEFAULT ON NULL AS IDENTITY MINVALUE 1 MAXVALUE 9999999999999999999999999999 INCREMENT BY 1 START WITH 1 CACHE 20 NOORDER  NOCYCLE  NOKEEP  NOSCALE , 
	"PRODUCT_ID_PK" NUMBER, 
	"TITLE" NVARCHAR2(20), 
	"INVENTORY" NUMBER DEFAULT ON NULL 0, 
	"SKU" VARCHAR2(50 BYTE), 
	"THUMBNAIL" VARCHAR2(250 BYTE), 
	"WEIGHT" NUMBER DEFAULT ON NULL 500
   ) SEGMENT CREATION IMMEDIATE 
  PCTFREE 10 PCTUSED 40 INITRANS 1 MAXTRANS 255 
 NOCOMPRESS LOGGING
  STORAGE(INITIAL 65536 NEXT 1048576 MINEXTENTS 1 MAXEXTENTS 2147483645
  PCTINCREASE 0 FREELISTS 1 FREELIST GROUPS 1
  BUFFER_POOL DEFAULT FLASH_CACHE DEFAULT CELL_FLASH_CACHE DEFAULT)
  TABLESPACE "USERS" ;
--------------------------------------------------------
--  DDL for Table PRODUCT_VARIANT_DETAILS
--------------------------------------------------------

  CREATE TABLE "PRODUCT_VARIANT_DETAILS" 
   (	"PRODUCT_DETAIL_ID_PK" NUMBER, 
	"VARIANT_VALUE_ID_PK" NUMBER
   ) SEGMENT CREATION IMMEDIATE 
  PCTFREE 10 PCTUSED 40 INITRANS 1 MAXTRANS 255 
 NOCOMPRESS LOGGING
  STORAGE(INITIAL 65536 NEXT 1048576 MINEXTENTS 1 MAXEXTENTS 2147483645
  PCTINCREASE 0 FREELISTS 1 FREELIST GROUPS 1
  BUFFER_POOL DEFAULT FLASH_CACHE DEFAULT CELL_FLASH_CACHE DEFAULT)
  TABLESPACE "USERS" ;
--------------------------------------------------------
--  DDL for Table VARIANTS
--------------------------------------------------------

  CREATE TABLE "VARIANTS" 
   (	"VARIANT_ID" NUMBER(19,0), 
	"VARIANT_NAME" VARCHAR2(255 CHAR)
   ) SEGMENT CREATION IMMEDIATE 
  PCTFREE 10 PCTUSED 40 INITRANS 1 MAXTRANS 255 
 NOCOMPRESS LOGGING
  STORAGE(INITIAL 65536 NEXT 1048576 MINEXTENTS 1 MAXEXTENTS 2147483645
  PCTINCREASE 0 FREELISTS 1 FREELIST GROUPS 1
  BUFFER_POOL DEFAULT FLASH_CACHE DEFAULT CELL_FLASH_CACHE DEFAULT)
  TABLESPACE "USERS" ;
--------------------------------------------------------
--  DDL for Table VARIANT_VALUES
--------------------------------------------------------

  CREATE TABLE "VARIANT_VALUES" 
   (	"VARIANT_VALUE_ID" NUMBER GENERATED BY DEFAULT ON NULL AS IDENTITY MINVALUE 1 MAXVALUE 9999999999999999999999999999 INCREMENT BY 1 START WITH 1 CACHE 20 NOORDER  NOCYCLE  NOKEEP  NOSCALE , 
	"VARIANT_ID_PK" NUMBER, 
	"VALUE" VARCHAR2(50 BYTE)
   ) SEGMENT CREATION IMMEDIATE 
  PCTFREE 10 PCTUSED 40 INITRANS 1 MAXTRANS 255 
 NOCOMPRESS LOGGING
  STORAGE(INITIAL 65536 NEXT 1048576 MINEXTENTS 1 MAXEXTENTS 2147483645
  PCTINCREASE 0 FREELISTS 1 FREELIST GROUPS 1
  BUFFER_POOL DEFAULT FLASH_CACHE DEFAULT CELL_FLASH_CACHE DEFAULT)
  TABLESPACE "USERS" ;
--------------------------------------------------------
--  DDL for Table WISHLIST_ITEMS
--------------------------------------------------------

  CREATE TABLE "WISHLIST_ITEMS" 
   (	"ITEM_ID" NUMBER GENERATED BY DEFAULT ON NULL AS IDENTITY MINVALUE 1 MAXVALUE 9999999999999999999999999999 INCREMENT BY 1 START WITH 1 CACHE 20 NOORDER  NOCYCLE  NOKEEP  NOSCALE , 
	"PRODUCT_ID_PK" NUMBER, 
	"ACCOUNT_ID_PK" NUMBER
   ) SEGMENT CREATION IMMEDIATE 
  PCTFREE 10 PCTUSED 40 INITRANS 1 MAXTRANS 255 
 NOCOMPRESS LOGGING
  STORAGE(INITIAL 65536 NEXT 1048576 MINEXTENTS 1 MAXEXTENTS 2147483645
  PCTINCREASE 0 FREELISTS 1 FREELIST GROUPS 1
  BUFFER_POOL DEFAULT FLASH_CACHE DEFAULT CELL_FLASH_CACHE DEFAULT)
  TABLESPACE "USERS" ;
REM INSERTING into ACCOUNTS
SET DEFINE OFF;
Insert into ACCOUNTS (ACCOUNT_ID,EMAIL,HASHED_PASSWORD,FULL_NAME,PHONE,ACCOUNT_ROLE,CREATED_AT) values (30,'duychomap123@gmail.com','$2a$10$njumZngS6lN2DJrNi1MDd.275AP75yM3k6D/.RmGlCouVxZURxH8y','Duy Phan','0385656121','Admin',to_date('26-SEP-22','DD-MON-RR'));
Insert into ACCOUNTS (ACCOUNT_ID,EMAIL,HASHED_PASSWORD,FULL_NAME,PHONE,ACCOUNT_ROLE,CREATED_AT) values (31,'duychomap1234@gmail.com','$2a$10$7cD0TU0MXathLXoick2LhebFDvGogsdN/g6UvBgp2C6vBqLRfwh9i','Duy Phan','0385656122','Customer',to_date('26-SEP-22','DD-MON-RR'));
Insert into ACCOUNTS (ACCOUNT_ID,EMAIL,HASHED_PASSWORD,FULL_NAME,PHONE,ACCOUNT_ROLE,CREATED_AT) values (251,'chuongho1@gmail.com','$2a$10$KoeubHL66VCXA2O2kqO28OzqKhDfDutmESKFogdL2gxtwv5.mc.0a','Hồ Đắc Thanh Chương','0385656150','Customer',to_date('26-SEP-22','DD-MON-RR'));
Insert into ACCOUNTS (ACCOUNT_ID,EMAIL,HASHED_PASSWORD,FULL_NAME,PHONE,ACCOUNT_ROLE,CREATED_AT) values (252,'chuongho2@gmail.com','$2a$10$MGyRZWqLqSg5NmTrJsMOQe82Qs1r6fx9o/uDIoUyijATNEDivqhHm','Hồ Đắc Thanh Chương','0385656151','Customer',to_date('26-SEP-22','DD-MON-RR'));
Insert into ACCOUNTS (ACCOUNT_ID,EMAIL,HASHED_PASSWORD,FULL_NAME,PHONE,ACCOUNT_ROLE,CREATED_AT) values (223,'huongnguyen@gmail.com','$2a$10$PwY2sXkeoLTCY7VFh59v8.sl/fUAa9tZj6jQ.dQxpGuS8pDPdQGfW','Nguyễn Thị Thu Hương','0385656123','Customer',to_date('26-SEP-22','DD-MON-RR'));
Insert into ACCOUNTS (ACCOUNT_ID,EMAIL,HASHED_PASSWORD,FULL_NAME,PHONE,ACCOUNT_ROLE,CREATED_AT) values (224,'huongnguyen1@gmail.com','$2a$10$lE4X8fxfOhhoWk0R.OxZQOTJUsiAl7WTb.a/iXoAEM2buue59DAki','Nguyễn Thị Thu Hương','0385656124','Customer',to_date('26-SEP-22','DD-MON-RR'));
Insert into ACCOUNTS (ACCOUNT_ID,EMAIL,HASHED_PASSWORD,FULL_NAME,PHONE,ACCOUNT_ROLE,CREATED_AT) values (225,'huongnguyen2@gmail.com','$2a$10$vwCYI8NUlIKvkKLuSjpXfugc/iHK99gl1Sb07pwzcIQ9VHw98Mr7S','Nguyễn Thị Thu Hương','0385656125','Customer',to_date('26-SEP-22','DD-MON-RR'));
Insert into ACCOUNTS (ACCOUNT_ID,EMAIL,HASHED_PASSWORD,FULL_NAME,PHONE,ACCOUNT_ROLE,CREATED_AT) values (226,'duyphan1@gmail.com','$2a$10$LFLvA.flDRw6RXLTgDhKOu8TbgNvh8ivPw4fNO.rjBIt4WAogFKmm','Phan Khánh Duy','0385656126','Customer',to_date('26-SEP-22','DD-MON-RR'));
Insert into ACCOUNTS (ACCOUNT_ID,EMAIL,HASHED_PASSWORD,FULL_NAME,PHONE,ACCOUNT_ROLE,CREATED_AT) values (227,'duyphan2@gmail.com','$2a$10$cOBwGnF8AjBEXI/SdK2fLOElR7n.DSduaisrJ9S9rE6G0ws9spmzS','Phan Khánh Duy','0385656127','Customer',to_date('26-SEP-22','DD-MON-RR'));
Insert into ACCOUNTS (ACCOUNT_ID,EMAIL,HASHED_PASSWORD,FULL_NAME,PHONE,ACCOUNT_ROLE,CREATED_AT) values (228,'duyphan3@gmail.com','$2a$10$p6h5iq7u1acBWqeLaXDTe.ibT49.DXW27tal3yok8OBfd7.tSZXAW','Phan Khánh Duy','0385656128','Customer',to_date('26-SEP-22','DD-MON-RR'));
Insert into ACCOUNTS (ACCOUNT_ID,EMAIL,HASHED_PASSWORD,FULL_NAME,PHONE,ACCOUNT_ROLE,CREATED_AT) values (229,'luutran1@gmail.com','$2a$10$Gv4oNVFUO2YJRKDwJiMasuL1htM3M1mh7D/AHnm58W7BvnXG7LiTG','Trần Quỳnh Lưu','0385656129','Customer',to_date('26-SEP-22','DD-MON-RR'));
Insert into ACCOUNTS (ACCOUNT_ID,EMAIL,HASHED_PASSWORD,FULL_NAME,PHONE,ACCOUNT_ROLE,CREATED_AT) values (230,'luutran2@gmail.com','$2a$10$6iu1B0L7s8R8CkhQncfVaOjypqjq./Vm0Cf661Yb5Iwe1nu5drgi2','Trần Quỳnh Lưu','0385656130','Customer',to_date('26-SEP-22','DD-MON-RR'));
Insert into ACCOUNTS (ACCOUNT_ID,EMAIL,HASHED_PASSWORD,FULL_NAME,PHONE,ACCOUNT_ROLE,CREATED_AT) values (231,'annguyen1@gmail.com','$2a$10$8rup5E4.PMOmWjURFbYl7OTiC3XfjTcSPxodKb0HFuxP4mha2plMC','Nguyễn Hữu An','0385656131','Customer',to_date('26-SEP-22','DD-MON-RR'));
Insert into ACCOUNTS (ACCOUNT_ID,EMAIL,HASHED_PASSWORD,FULL_NAME,PHONE,ACCOUNT_ROLE,CREATED_AT) values (232,'annguyen2@gmail.com','$2a$10$2irRITzjf57bv3Qlv66Lpuzc9DEey/bn9Avca98QIZeP7xYBzTuEi','Nguyễn Hữu An','0385656132','Customer',to_date('26-SEP-22','DD-MON-RR'));
Insert into ACCOUNTS (ACCOUNT_ID,EMAIL,HASHED_PASSWORD,FULL_NAME,PHONE,ACCOUNT_ROLE,CREATED_AT) values (233,'khaitran1@gmail.com','$2a$10$uRaxAt96gwJlBqL5lJExHupKP6MEp2lf6MpS6ZV0q4GEv9Zw9oI/e','Trần Mặc Khải','0385656133','Customer',to_date('26-SEP-22','DD-MON-RR'));
Insert into ACCOUNTS (ACCOUNT_ID,EMAIL,HASHED_PASSWORD,FULL_NAME,PHONE,ACCOUNT_ROLE,CREATED_AT) values (234,'khaitran2@gmail.com','$2a$10$Ek6PJIhuKIAFGMxpnc02lOZHGnJFrZeYU4WW7e1cLWFcP8pqOVW3y','Trần Mặc Khải','0385656134','Customer',to_date('26-SEP-22','DD-MON-RR'));
Insert into ACCOUNTS (ACCOUNT_ID,EMAIL,HASHED_PASSWORD,FULL_NAME,PHONE,ACCOUNT_ROLE,CREATED_AT) values (235,'trangtran1@gmail.com','$2a$10$pY8ZzwepSi28d/hGRgsRrOJ9uWtWkz41pBk2ygz1cFfp70xLdM/MW','Trần Thị Thu Trang','0385656135','Customer',to_date('26-SEP-22','DD-MON-RR'));
Insert into ACCOUNTS (ACCOUNT_ID,EMAIL,HASHED_PASSWORD,FULL_NAME,PHONE,ACCOUNT_ROLE,CREATED_AT) values (236,'trangtran2@gmail.com','$2a$10$.yLg0gkuaNi4zkNyXNfP6eVMcZRIX2/1x5EL/XTzaKSmFkUNoHNh.','Trần Thị Thu Trang','0385656136','Customer',to_date('26-SEP-22','DD-MON-RR'));
Insert into ACCOUNTS (ACCOUNT_ID,EMAIL,HASHED_PASSWORD,FULL_NAME,PHONE,ACCOUNT_ROLE,CREATED_AT) values (237,'hieupham1@gmail.com','$2a$10$eza9ZpwCSR5.kfpzv.HnfeHv90zRkgzzyoapMGGNFNo1F1.uLi7o.','Phạm Minh Hiếu','0385656137','Customer',to_date('26-SEP-22','DD-MON-RR'));
Insert into ACCOUNTS (ACCOUNT_ID,EMAIL,HASHED_PASSWORD,FULL_NAME,PHONE,ACCOUNT_ROLE,CREATED_AT) values (238,'hieupham2@gmail.com','$2a$10$uTacUkHml2vkf/RkeYqoCeqONicrwmg3PiYQ.vXB.j1/0WdDS1g/2','Phạm Minh Hiếu','0385656138','Customer',to_date('26-SEP-22','DD-MON-RR'));
Insert into ACCOUNTS (ACCOUNT_ID,EMAIL,HASHED_PASSWORD,FULL_NAME,PHONE,ACCOUNT_ROLE,CREATED_AT) values (239,'nhitrinh1@gmail.com','$2a$10$KjScZ1er2KAvafQFW3I/i.cmb0mIHsxu1BGpF8MzxcgPQixK.0XVG','Trịnh Lê Ngân Nhi','0385656139','Customer',to_date('26-SEP-22','DD-MON-RR'));
Insert into ACCOUNTS (ACCOUNT_ID,EMAIL,HASHED_PASSWORD,FULL_NAME,PHONE,ACCOUNT_ROLE,CREATED_AT) values (240,'nhitrinh2@gmail.com','$2a$10$WWwHblqD0hJDF78RLLMnY.BO1t6qbyS6j5ZZDxr3bXWGoKBdEWWaa','Trịnh Lê Ngân Nhi','0385656140','Customer',to_date('26-SEP-22','DD-MON-RR'));
Insert into ACCOUNTS (ACCOUNT_ID,EMAIL,HASHED_PASSWORD,FULL_NAME,PHONE,ACCOUNT_ROLE,CREATED_AT) values (242,'duyphan4@gmail.com','$2a$10$VbapgLLCaF1J/GZiTUdTw.RKOG7eWBU9Aj9GfVpH28rXqdtnUhBCe','Phan Khánh Duy','0385656141','Customer',to_date('26-SEP-22','DD-MON-RR'));
Insert into ACCOUNTS (ACCOUNT_ID,EMAIL,HASHED_PASSWORD,FULL_NAME,PHONE,ACCOUNT_ROLE,CREATED_AT) values (243,'duyphan5@gmail.com','$2a$10$e9ZFtGhH2JrB653gma6GDe66OR5lCbd0WbElCMHFlDhBXAB46y4Te','Phan Khánh Duy','0385656142','Customer',to_date('26-SEP-22','DD-MON-RR'));
Insert into ACCOUNTS (ACCOUNT_ID,EMAIL,HASHED_PASSWORD,FULL_NAME,PHONE,ACCOUNT_ROLE,CREATED_AT) values (244,'duyphan6@gmail.com','$2a$10$4O1sHTJjNZA5JYFwbFYjQu8/ac/Nka84I97YharIqKU2NYwswfZKa','Phan Khánh Duy','0385656143','Customer',to_date('26-SEP-22','DD-MON-RR'));
Insert into ACCOUNTS (ACCOUNT_ID,EMAIL,HASHED_PASSWORD,FULL_NAME,PHONE,ACCOUNT_ROLE,CREATED_AT) values (245,'duyphan7@gmail.com','$2a$10$hFilrTuOmJ4hYJgSK5F00.xotPOMMeoCp/nmFVSUdGbUumVqOtMz2','Phan Khánh Duy','0385656144','Customer',to_date('26-SEP-22','DD-MON-RR'));
Insert into ACCOUNTS (ACCOUNT_ID,EMAIL,HASHED_PASSWORD,FULL_NAME,PHONE,ACCOUNT_ROLE,CREATED_AT) values (246,'duyphan8@gmail.com','$2a$10$.CbpwdXnSFV6oy.fE575sOvWj3YihX4C0qUJzSEGlgxeDeHxL8clC','Phan Khánh Duy','0385656145','Customer',to_date('26-SEP-22','DD-MON-RR'));
Insert into ACCOUNTS (ACCOUNT_ID,EMAIL,HASHED_PASSWORD,FULL_NAME,PHONE,ACCOUNT_ROLE,CREATED_AT) values (247,'minhphan1@gmail.com','$2a$10$2pxa3AyjxhpBgoBBjdLIHudvou.20MDqYYlRRmT6SgM5TJHStKLQO','Phan Đăng Nhật Minh','0385656146','Customer',to_date('26-SEP-22','DD-MON-RR'));
Insert into ACCOUNTS (ACCOUNT_ID,EMAIL,HASHED_PASSWORD,FULL_NAME,PHONE,ACCOUNT_ROLE,CREATED_AT) values (248,'minhphan2@gmail.com','$2a$10$BjBQWo3/oYYZHh8QqrZ7guAEHcUV7dUUj9.Sf7k6nDR0cuNT2W9VC','Phan Đăng Nhật Minh','0385656147','Customer',to_date('26-SEP-22','DD-MON-RR'));
Insert into ACCOUNTS (ACCOUNT_ID,EMAIL,HASHED_PASSWORD,FULL_NAME,PHONE,ACCOUNT_ROLE,CREATED_AT) values (249,'minhphan3@gmail.com','$2a$10$HyPlfZ92tdoX8XpNTTfhVeMrfFy6iWPo0cmadW4KDklkEJPySmCKS','Phan Đăng Nhật Minh','0385656148','Customer',to_date('26-SEP-22','DD-MON-RR'));
Insert into ACCOUNTS (ACCOUNT_ID,EMAIL,HASHED_PASSWORD,FULL_NAME,PHONE,ACCOUNT_ROLE,CREATED_AT) values (250,'bachle1@gmail.com','$2a$10$KsJY0bBhmhjhYOi3Hde3MObTlriER9xcuvu5bAoBxE1tRQUkYRJpy','Lê Duy Bách','0385656149','Customer',to_date('26-SEP-22','DD-MON-RR'));
Insert into ACCOUNTS (ACCOUNT_ID,EMAIL,HASHED_PASSWORD,FULL_NAME,PHONE,ACCOUNT_ROLE,CREATED_AT) values (256,'duyphan22@gmail.com','$2a$10$alzwWL5o0WpWbjFy/Zp9Cuzg9c3UwEUIx65YzwiE/Fc2vYjE0/WXO','Phan Khánh Duy','0385511421','Customer',to_date('28-SEP-22','DD-MON-RR'));
REM INSERTING into CARTS
SET DEFINE OFF;
Insert into CARTS (CART_ID,ACCOUNT_ID_PK) values (1,30);
Insert into CARTS (CART_ID,ACCOUNT_ID_PK) values (2,31);
Insert into CARTS (CART_ID,ACCOUNT_ID_PK) values (3,251);
Insert into CARTS (CART_ID,ACCOUNT_ID_PK) values (4,252);
Insert into CARTS (CART_ID,ACCOUNT_ID_PK) values (5,223);
Insert into CARTS (CART_ID,ACCOUNT_ID_PK) values (6,224);
Insert into CARTS (CART_ID,ACCOUNT_ID_PK) values (7,225);
Insert into CARTS (CART_ID,ACCOUNT_ID_PK) values (8,226);
Insert into CARTS (CART_ID,ACCOUNT_ID_PK) values (9,227);
Insert into CARTS (CART_ID,ACCOUNT_ID_PK) values (10,228);
Insert into CARTS (CART_ID,ACCOUNT_ID_PK) values (11,229);
Insert into CARTS (CART_ID,ACCOUNT_ID_PK) values (12,230);
Insert into CARTS (CART_ID,ACCOUNT_ID_PK) values (13,231);
Insert into CARTS (CART_ID,ACCOUNT_ID_PK) values (14,232);
Insert into CARTS (CART_ID,ACCOUNT_ID_PK) values (15,233);
Insert into CARTS (CART_ID,ACCOUNT_ID_PK) values (16,234);
Insert into CARTS (CART_ID,ACCOUNT_ID_PK) values (17,235);
Insert into CARTS (CART_ID,ACCOUNT_ID_PK) values (18,236);
Insert into CARTS (CART_ID,ACCOUNT_ID_PK) values (19,237);
Insert into CARTS (CART_ID,ACCOUNT_ID_PK) values (20,238);
Insert into CARTS (CART_ID,ACCOUNT_ID_PK) values (21,239);
Insert into CARTS (CART_ID,ACCOUNT_ID_PK) values (22,240);
Insert into CARTS (CART_ID,ACCOUNT_ID_PK) values (23,242);
Insert into CARTS (CART_ID,ACCOUNT_ID_PK) values (24,243);
Insert into CARTS (CART_ID,ACCOUNT_ID_PK) values (25,244);
Insert into CARTS (CART_ID,ACCOUNT_ID_PK) values (26,245);
Insert into CARTS (CART_ID,ACCOUNT_ID_PK) values (27,246);
Insert into CARTS (CART_ID,ACCOUNT_ID_PK) values (28,247);
Insert into CARTS (CART_ID,ACCOUNT_ID_PK) values (29,248);
Insert into CARTS (CART_ID,ACCOUNT_ID_PK) values (30,249);
Insert into CARTS (CART_ID,ACCOUNT_ID_PK) values (31,250);
Insert into CARTS (CART_ID,ACCOUNT_ID_PK) values (32,256);
Insert into CARTS (CART_ID,ACCOUNT_ID_PK) values (33,235);
Insert into CARTS (CART_ID,ACCOUNT_ID_PK) values (34,236);
Insert into CARTS (CART_ID,ACCOUNT_ID_PK) values (35,237);
Insert into CARTS (CART_ID,ACCOUNT_ID_PK) values (36,238);
Insert into CARTS (CART_ID,ACCOUNT_ID_PK) values (37,239);
Insert into CARTS (CART_ID,ACCOUNT_ID_PK) values (38,240);
Insert into CARTS (CART_ID,ACCOUNT_ID_PK) values (40,242);
Insert into CARTS (CART_ID,ACCOUNT_ID_PK) values (41,243);
Insert into CARTS (CART_ID,ACCOUNT_ID_PK) values (42,244);
Insert into CARTS (CART_ID,ACCOUNT_ID_PK) values (43,245);
Insert into CARTS (CART_ID,ACCOUNT_ID_PK) values (44,246);
Insert into CARTS (CART_ID,ACCOUNT_ID_PK) values (45,247);
Insert into CARTS (CART_ID,ACCOUNT_ID_PK) values (46,248);
Insert into CARTS (CART_ID,ACCOUNT_ID_PK) values (47,249);
Insert into CARTS (CART_ID,ACCOUNT_ID_PK) values (48,250);
Insert into CARTS (CART_ID,ACCOUNT_ID_PK) values (49,251);
Insert into CARTS (CART_ID,ACCOUNT_ID_PK) values (50,252);
Insert into CARTS (CART_ID,ACCOUNT_ID_PK) values (51,256);
REM INSERTING into CART_ITEMS
SET DEFINE OFF;
REM INSERTING into CATEGORIES
SET DEFINE OFF;
Insert into CATEGORIES (CATEGORY_ID,PARENT_ID,CATEGORY_NAME,CATEGORY_ALIAS,THUMBNAIL) values (1,null,'Sale','sale',null);
Insert into CATEGORIES (CATEGORY_ID,PARENT_ID,CATEGORY_NAME,CATEGORY_ALIAS,THUMBNAIL) values (2,null,'Nike','nike',null);
Insert into CATEGORIES (CATEGORY_ID,PARENT_ID,CATEGORY_NAME,CATEGORY_ALIAS,THUMBNAIL) values (3,2,'Nike nam','nike-nam',null);
Insert into CATEGORIES (CATEGORY_ID,PARENT_ID,CATEGORY_NAME,CATEGORY_ALIAS,THUMBNAIL) values (4,2,'Nike nữ','nike-nu',null);
Insert into CATEGORIES (CATEGORY_ID,PARENT_ID,CATEGORY_NAME,CATEGORY_ALIAS,THUMBNAIL) values (5,null,'Adidas','adidas',null);
Insert into CATEGORIES (CATEGORY_ID,PARENT_ID,CATEGORY_NAME,CATEGORY_ALIAS,THUMBNAIL) values (6,5,'Adidas nam','adidas-nam',null);
Insert into CATEGORIES (CATEGORY_ID,PARENT_ID,CATEGORY_NAME,CATEGORY_ALIAS,THUMBNAIL) values (7,5,'Adidas nữ','adidas-nu',null);
Insert into CATEGORIES (CATEGORY_ID,PARENT_ID,CATEGORY_NAME,CATEGORY_ALIAS,THUMBNAIL) values (8,null,'Jordan','jordan',null);
Insert into CATEGORIES (CATEGORY_ID,PARENT_ID,CATEGORY_NAME,CATEGORY_ALIAS,THUMBNAIL) values (9,null,'Yeezy','yeezy',null);
Insert into CATEGORIES (CATEGORY_ID,PARENT_ID,CATEGORY_NAME,CATEGORY_ALIAS,THUMBNAIL) values (10,9,'Yeezy Boost 350','yeezy-boost-350',null);
Insert into CATEGORIES (CATEGORY_ID,PARENT_ID,CATEGORY_NAME,CATEGORY_ALIAS,THUMBNAIL) values (11,9,'Yeezy Boost 700','yeezy-boost-700',null);
Insert into CATEGORIES (CATEGORY_ID,PARENT_ID,CATEGORY_NAME,CATEGORY_ALIAS,THUMBNAIL) values (12,null,'Dây giày','day-giay',null);
Insert into CATEGORIES (CATEGORY_ID,PARENT_ID,CATEGORY_NAME,CATEGORY_ALIAS,THUMBNAIL) values (257,2,'test 1234','test-1234',null);
REM INSERTING into COUPONS
SET DEFINE OFF;
Insert into COUPONS (COUPON_ID,START_DATE,END_DATE,PRICE_DISCOUNT,CODE,MIN_PRICE) values (2,to_date('23-SEP-22','DD-MON-RR'),to_date('23-NOV-22','DD-MON-RR'),299000,'oracle',0);
Insert into COUPONS (COUPON_ID,START_DATE,END_DATE,PRICE_DISCOUNT,CODE,MIN_PRICE) values (3,to_date('23-SEP-22','DD-MON-RR'),null,0,'firstorder',0);
Insert into COUPONS (COUPON_ID,START_DATE,END_DATE,PRICE_DISCOUNT,CODE,MIN_PRICE) values (4,to_date('01-OCT-22','DD-MON-RR'),to_date('11-OCT-22','DD-MON-RR'),399000,'anm10',2500000);
Insert into COUPONS (COUPON_ID,START_DATE,END_DATE,PRICE_DISCOUNT,CODE,MIN_PRICE) values (5,to_date('02-OCT-22','DD-MON-RR'),to_date('11-OCT-22','DD-MON-RR'),299000,'oop10',2200000);
Insert into COUPONS (COUPON_ID,START_DATE,END_DATE,PRICE_DISCOUNT,CODE,MIN_PRICE) values (6,to_date('02-OCT-22','DD-MON-RR'),to_date('06-OCT-22','DD-MON-RR'),299000,'oracle10',2000000);
REM INSERTING into ORDERS
SET DEFINE OFF;
Insert into ORDERS (ORDER_ID,ACCOUNT_ID_PK,ORDER_STATUS,CREATED_AT,PROVINCE,DISTRICT,WARD,ADDRESS,SHIPPING_PRICE,FULL_NAME,PHONE) values (211,31,'Vận chuyển thành công',to_date('23-DEC-21','DD-MON-RR'),'Province 1','District 1','Ward 1','Address 1',0,'Duy Phan','0385656122');
Insert into ORDERS (ORDER_ID,ACCOUNT_ID_PK,ORDER_STATUS,CREATED_AT,PROVINCE,DISTRICT,WARD,ADDRESS,SHIPPING_PRICE,FULL_NAME,PHONE) values (215,31,'Vận chuyển thành công',to_date('23-SEP-22','DD-MON-RR'),'Province 1','District 1','Ward 1','Address 1',0,'Duy Phan','0385656122');
Insert into ORDERS (ORDER_ID,ACCOUNT_ID_PK,ORDER_STATUS,CREATED_AT,PROVINCE,DISTRICT,WARD,ADDRESS,SHIPPING_PRICE,FULL_NAME,PHONE) values (365,31,'Vận chuyển thành công',to_date('05-OCT-22','DD-MON-RR'),'Tỉnh Lào Cai','Huyện Mường Khương','Xã Lùng Vai','ABC',0,'Duy Phan','0385656122');
Insert into ORDERS (ORDER_ID,ACCOUNT_ID_PK,ORDER_STATUS,CREATED_AT,PROVINCE,DISTRICT,WARD,ADDRESS,SHIPPING_PRICE,FULL_NAME,PHONE) values (367,223,'Vận chuyển thành công',to_date('06-OCT-22','DD-MON-RR'),'Tỉnh Lạng Sơn','Huyện Văn Quan','Xã Đồng Giáp','123 ABC',0,'Nguyễn Thị Thu Hương','0385656123');
Insert into ORDERS (ORDER_ID,ACCOUNT_ID_PK,ORDER_STATUS,CREATED_AT,PROVINCE,DISTRICT,WARD,ADDRESS,SHIPPING_PRICE,FULL_NAME,PHONE) values (369,224,'Vận chuyển thành công',to_date('06-OCT-22','DD-MON-RR'),'Tỉnh Thái Nguyên','Huyện Đồng Hỷ','Xã Hóa Trung','123 ABCD',0,'Nguyễn Thị Thu Hương','0385656124');
Insert into ORDERS (ORDER_ID,ACCOUNT_ID_PK,ORDER_STATUS,CREATED_AT,PROVINCE,DISTRICT,WARD,ADDRESS,SHIPPING_PRICE,FULL_NAME,PHONE) values (371,225,'Vận chuyển thành công',to_date('06-OCT-22','DD-MON-RR'),'Tỉnh Quảng Ninh','Huyện Hải Hà','Xã Quảng Đức','123 ASD',0,'Trần Huỳnh Lưu','0385656129');
REM INSERTING into ORDER_COUPONS
SET DEFINE OFF;
Insert into ORDER_COUPONS (ORDER_ID_PK,COUPON_ID_PK) values (211,2);
Insert into ORDER_COUPONS (ORDER_ID_PK,COUPON_ID_PK) values (215,2);
Insert into ORDER_COUPONS (ORDER_ID_PK,COUPON_ID_PK) values (371,6);
Insert into ORDER_COUPONS (ORDER_ID_PK,COUPON_ID_PK) values (211,2);
Insert into ORDER_COUPONS (ORDER_ID_PK,COUPON_ID_PK) values (215,2);
REM INSERTING into ORDER_ITEMS
SET DEFINE OFF;
Insert into ORDER_ITEMS (ITEM_ID,ORDER_ID_PK,PRODUCT_DETAIL_ID_PK,PRICE,QUANTITY) values (1,365,332,3200000,1);
Insert into ORDER_ITEMS (ITEM_ID,ORDER_ID_PK,PRODUCT_DETAIL_ID_PK,PRICE,QUANTITY) values (2,365,185,2500000,1);
Insert into ORDER_ITEMS (ITEM_ID,ORDER_ID_PK,PRODUCT_DETAIL_ID_PK,PRICE,QUANTITY) values (3,367,332,3200000,1);
Insert into ORDER_ITEMS (ITEM_ID,ORDER_ID_PK,PRODUCT_DETAIL_ID_PK,PRICE,QUANTITY) values (4,369,175,2200000,1);
Insert into ORDER_ITEMS (ITEM_ID,ORDER_ID_PK,PRODUCT_DETAIL_ID_PK,PRICE,QUANTITY) values (5,371,195,9800000,1);
Insert into ORDER_ITEMS (ITEM_ID,ORDER_ID_PK,PRODUCT_DETAIL_ID_PK,PRICE,QUANTITY) values (64,215,196,8000000,1);
Insert into ORDER_ITEMS (ITEM_ID,ORDER_ID_PK,PRODUCT_DETAIL_ID_PK,PRICE,QUANTITY) values (61,211,186,2500000,1);
Insert into ORDER_ITEMS (ITEM_ID,ORDER_ID_PK,PRODUCT_DETAIL_ID_PK,PRICE,QUANTITY) values (62,211,185,2500000,3);
Insert into ORDER_ITEMS (ITEM_ID,ORDER_ID_PK,PRODUCT_DETAIL_ID_PK,PRICE,QUANTITY) values (63,215,186,2500000,1);
REM INSERTING into PRODUCTS
SET DEFINE OFF;
Insert into PRODUCTS (PRODUCT_ID,PRODUCT_NAME,THUMBNAIL,PRICE,NEW_PRICE,PRODUCT_ALIAS,CREATED_AT) values (313,'Pegasus 38 Shield','https://res.cloudinary.com/dwhjftwvw/image/upload/v1664674354/shoes%20shop/dc4073-003-pegasus-38-shield-giay-nike-chinh-hang-king-shoes-1_erliii.jpg',3600000,3600000,'pegasus-38-shield',to_date('02-OCT-22','DD-MON-RR'));
Insert into PRODUCTS (PRODUCT_ID,PRODUCT_NAME,THUMBNAIL,PRICE,NEW_PRICE,PRODUCT_ALIAS,CREATED_AT) values (322,'SB Force 58','https://res.cloudinary.com/dwhjftwvw/image/upload/v1664674355/shoes%20shop/dh7505-400-sb-force-58-giay-chinh-hang-king-shoes-1_iqfbsp.png',3200000,3200000,'sb-force-58',to_date('02-OCT-22','DD-MON-RR'));
Insert into PRODUCTS (PRODUCT_ID,PRODUCT_NAME,THUMBNAIL,PRICE,NEW_PRICE,PRODUCT_ALIAS,CREATED_AT) values (101,'Nike Air Huarache','https://res.cloudinary.com/dwhjftwvw/image/upload/v1663768564/shoes%20shop/products/thumbnails/dq4990-104-gia_CC_80y-nike-air-huarache-chi_CC_81nh-ha_CC_83ng-de_CC_82_CC_81n-king-shoes-12_aetq8z.jpg',3200000,3200000,'nike-air-huarache',to_date('21-SEP-22','DD-MON-RR'));
Insert into PRODUCTS (PRODUCT_ID,PRODUCT_NAME,THUMBNAIL,PRICE,NEW_PRICE,PRODUCT_ALIAS,CREATED_AT) values (102,'Air Max Correlate','https://res.cloudinary.com/dwhjftwvw/image/upload/v1663768723/shoes%20shop/products/thumbnails/511417-163-air-max-correlate-giay-nike-chinh-hang-king-shoes-1_eeghc2.jpg',2900000,2900000,'air-max-correlate',to_date('21-SEP-22','DD-MON-RR'));
Insert into PRODUCTS (PRODUCT_ID,PRODUCT_NAME,THUMBNAIL,PRICE,NEW_PRICE,PRODUCT_ALIAS,CREATED_AT) values (103,'Pum Court Rider','https://res.cloudinary.com/dwhjftwvw/image/upload/v1663768789/shoes%20shop/products/thumbnails/195064-04-gia_CC_80y-puma-court-rider-chi_CC_81nh-ha_CC_83ng-de_CC_82_CC_81n-king-shoes-13-1656228794_dt8z0x.jpg',2900000,2900000,'puma-court-rider',to_date('21-SEP-22','DD-MON-RR'));
Insert into PRODUCTS (PRODUCT_ID,PRODUCT_NAME,THUMBNAIL,PRICE,NEW_PRICE,PRODUCT_ALIAS,CREATED_AT) values (105,'Jogger Dash Green Linen','https://res.cloudinary.com/dwhjftwvw/image/upload/v1663768911/shoes%20shop/products/thumbnails/gia_CC_80y-adidas-day-jogger-dash-green-linen-fw4829-king-shoes-sneaker-real-hcm-1-1634566222_xf8bzr.jpg',2900000,2500000,'jogger-dash-green-linen',to_date('21-SEP-22','DD-MON-RR'));
Insert into PRODUCTS (PRODUCT_ID,PRODUCT_NAME,THUMBNAIL,PRICE,NEW_PRICE,PRODUCT_ALIAS,CREATED_AT) values (106,'Ultraboost-20-metallic-gold','https://res.cloudinary.com/dwhjftwvw/image/upload/v1663768967/shoes%20shop/products/thumbnails/adidas-ultraboost-20-metallic-gold-fv83511-king-shoes-sneaker-real-hcm-1624253902_xfenht.jpg',4200000,3800000,'ultraboost-20-metallic-gold',to_date('21-SEP-22','DD-MON-RR'));
Insert into PRODUCTS (PRODUCT_ID,PRODUCT_NAME,THUMBNAIL,PRICE,NEW_PRICE,PRODUCT_ALIAS,CREATED_AT) values (108,'Jordan 3 Retro Cardinal Red','https://res.cloudinary.com/dwhjftwvw/image/upload/v1663769094/shoes%20shop/products/thumbnails/gia_CC_80y-nike-jordan-3-retro-cardinal-red-ct8532-126-chi_CC_81nh-ha_CC_83ng-de_CC_82_CC_81n-king-shoes-7-1648178236_jtkv2r.jpg',8000000,8000000,'jordan-3-retro-cardinal-red',to_date('21-SEP-22','DD-MON-RR'));
Insert into PRODUCTS (PRODUCT_ID,PRODUCT_NAME,THUMBNAIL,PRICE,NEW_PRICE,PRODUCT_ALIAS,CREATED_AT) values (109,'Yeezy Boost 350 V2 Dazzling Blue','https://res.cloudinary.com/dwhjftwvw/image/upload/v1663769206/shoes%20shop/products/thumbnails/gia_CC_80y-adidas-yeezy-boost-350-v2-dazzling-blue-gy7164-chi_CC_81nh-ha_CC_83ng-de_CC_82_CC_81n-king-shoes-4-1646911295_tb0qpo.jpg',10000000,10000000,'yeezy-boost-350-v2-dazzling-blue',to_date('21-SEP-22','DD-MON-RR'));
Insert into PRODUCTS (PRODUCT_ID,PRODUCT_NAME,THUMBNAIL,PRICE,NEW_PRICE,PRODUCT_ALIAS,CREATED_AT) values (110,'Yeezy Boost 350 V2','https://res.cloudinary.com/dwhjftwvw/image/upload/v1663769347/shoes%20shop/products/thumbnails/yeezy-boost-350-v2-yecheil-yecheil-yecheil-fw5190-king-shoes-sneaker-real-hcm-1_stlnt8.jpg',11000000,11000000,'yeezy-boost-350-v2',to_date('21-SEP-22','DD-MON-RR'));
Insert into PRODUCTS (PRODUCT_ID,PRODUCT_NAME,THUMBNAIL,PRICE,NEW_PRICE,PRODUCT_ALIAS,CREATED_AT) values (111,'Yeezy Boost 700 OG','https://res.cloudinary.com/dwhjftwvw/image/upload/v1663769405/shoes%20shop/products/thumbnails/giay-adidas-yeezy-boost-700-b75571-chinh-hang-hcm-king-shoes-sneaker-real-7_hdjt0u.jpg',13000000,13000000,'yeezy-boost-700-og',to_date('21-SEP-22','DD-MON-RR'));
Insert into PRODUCTS (PRODUCT_ID,PRODUCT_NAME,THUMBNAIL,PRICE,NEW_PRICE,PRODUCT_ALIAS,CREATED_AT) values (112,'Yeezy Boost 700 V2 Static','https://res.cloudinary.com/dwhjftwvw/image/upload/v1663769464/shoes%20shop/products/thumbnails/adidas-yeezy-boost-700-v2-static-chinh-hang-tphcm-king-shoes-sneaker-authentic-9_c2o8b4.png',12000000,12000000,'yeezy-boost-700-v2-static',to_date('21-SEP-22','DD-MON-RR'));
Insert into PRODUCTS (PRODUCT_ID,PRODUCT_NAME,THUMBNAIL,PRICE,NEW_PRICE,PRODUCT_ALIAS,CREATED_AT) values (91,'Nike Court Air Zoom GP Turbo','https://res.cloudinary.com/dwhjftwvw/image/upload/v1663768468/shoes%20shop/products/thumbnails/gia_CC_80y-nike-court-air-zoom-gp-turbo-hard-court-tennis-ck7513-005-chi_CC_81nh-ha_CC_83ng-de_CC_82_CC_81n-king-shoes-10-1646283187_yudlcy.jpg',4200000,4200000,'nike-court-air-zoom-gp-turbo',to_date('20-SEP-22','DD-MON-RR'));
Insert into PRODUCTS (PRODUCT_ID,PRODUCT_NAME,THUMBNAIL,PRICE,NEW_PRICE,PRODUCT_ALIAS,CREATED_AT) values (104,'Adidas Rod Laver','https://res.cloudinary.com/dwhjftwvw/image/upload/v1663768847/shoes%20shop/products/thumbnails/fx5605-gia_CC_80y-adidas-rod-laver-chi_CC_81nh-ha_CC_83ng-de_CC_82_CC_81n-king-shoes-1-1658148090_udsow9.jpg',2200000,2200000,'adidas-rod-laver',to_date('21-SEP-22','DD-MON-RR'));
Insert into PRODUCTS (PRODUCT_ID,PRODUCT_NAME,THUMBNAIL,PRICE,NEW_PRICE,PRODUCT_ALIAS,CREATED_AT) values (270,'Air Zoom Pegasus 39','https://res.cloudinary.com/dwhjftwvw/image/upload/v1664555854/shoes%20shop/products/thumbnails/dh4071-001-gia_CC_80y-nike-air-zoom-pegasus-39-road-running-chi_CC_81nh-ha_CC_83ng-de_CC_82_CC_81n-king-shoes-12_wloz3l.jpg',3900000,3900000,'air-zoom-pegasus-39',to_date('30-SEP-22','DD-MON-RR'));
Insert into PRODUCTS (PRODUCT_ID,PRODUCT_NAME,THUMBNAIL,PRICE,NEW_PRICE,PRODUCT_ALIAS,CREATED_AT) values (12,'Air Force 1','https://res.cloudinary.com/dwhjftwvw/image/upload/v1663768400/shoes%20shop/products/thumbnails/SNEAKER-315122-111-AIR-FORCE-1-07-NIKE-KINGSHOES.VN-TPHCM-TANBINH-17-logo-1551924204-_fiidrx.jpg',3300000,3300000,'air-force-1',to_date('15-SEP-22','DD-MON-RR'));
Insert into PRODUCTS (PRODUCT_ID,PRODUCT_NAME,THUMBNAIL,PRICE,NEW_PRICE,PRODUCT_ALIAS,CREATED_AT) values (107,'Jordan 12 Retro','https://res.cloudinary.com/dwhjftwvw/image/upload/v1663769037/shoes%20shop/products/thumbnails/130690-005-gia_CC_80y-nike-air-jordan-12-retro-dark-grey-release-chi_CC_81nh-ha_CC_83ng-de_CC_82_CC_81n-king-shoes-12-1660197144_ruxybh.jpg',9800000,9800000,'jordan-12-retro',to_date('21-SEP-22','DD-MON-RR'));
Insert into PRODUCTS (PRODUCT_ID,PRODUCT_NAME,THUMBNAIL,PRICE,NEW_PRICE,PRODUCT_ALIAS,CREATED_AT) values (281,'Air Max Axis','https://res.cloudinary.com/dwhjftwvw/image/upload/v1664674481/shoes%20shop/aa2168-100-air-max-axis-giay-nike-chinh-hang-king-shoes-1_nfkufb.jpg',3200000,3200000,'air-max-axis',to_date('02-OCT-22','DD-MON-RR'));
Insert into PRODUCTS (PRODUCT_ID,PRODUCT_NAME,THUMBNAIL,PRICE,NEW_PRICE,PRODUCT_ALIAS,CREATED_AT) values (301,'Air Force 1 Craft Les','https://res.cloudinary.com/dwhjftwvw/image/upload/v1664674355/shoes%20shop/do6676-200-air-force-1-craft-les-giay-nike-chinh-hang-1_vgyjca.jpg',4200000,4200000,'air-force-1-craft-les',to_date('02-OCT-22','DD-MON-RR'));
Insert into PRODUCTS (PRODUCT_ID,PRODUCT_NAME,THUMBNAIL,PRICE,NEW_PRICE,PRODUCT_ALIAS,CREATED_AT) values (306,'Air Zoom Superrep 3','https://res.cloudinary.com/dwhjftwvw/image/upload/v1664674355/shoes%20shop/dc9115-004-air-zoom-superrep-3-giay-nike-chinh-hang-king-shoes-13_rog4c6.jpg',3600000,3600000,'air-zoom-superrep-3',to_date('02-OCT-22','DD-MON-RR'));
Insert into PRODUCTS (PRODUCT_ID,PRODUCT_NAME,THUMBNAIL,PRICE,NEW_PRICE,PRODUCT_ALIAS,CREATED_AT) values (328,'Nike React Miler 2','https://res.cloudinary.com/dwhjftwvw/image/upload/v1664674665/x3b82za9qsjfc1pbkiya.jpg',3200000,3200000,'nike-react-miler-2',to_date('02-OCT-22','DD-MON-RR'));
Insert into PRODUCTS (PRODUCT_ID,PRODUCT_NAME,THUMBNAIL,PRICE,NEW_PRICE,PRODUCT_ALIAS,CREATED_AT) values (334,'Air Max 2017','https://res.cloudinary.com/dwhjftwvw/image/upload/v1664674922/shoes%20shop/user_upload/B7bFreADX51664674920666.jpg',4200000,4200000,'air-max-2017',to_date('02-OCT-22','DD-MON-RR'));
REM INSERTING into PRODUCT_CATEGORIES
SET DEFINE OFF;
Insert into PRODUCT_CATEGORIES (ITEM_ID,CATEGORY_ID_PK,PRODUCT_ID_PK) values (314,2,313);
Insert into PRODUCT_CATEGORIES (ITEM_ID,CATEGORY_ID_PK,PRODUCT_ID_PK) values (315,3,313);
Insert into PRODUCT_CATEGORIES (ITEM_ID,CATEGORY_ID_PK,PRODUCT_ID_PK) values (323,2,322);
Insert into PRODUCT_CATEGORIES (ITEM_ID,CATEGORY_ID_PK,PRODUCT_ID_PK) values (324,3,322);
Insert into PRODUCT_CATEGORIES (ITEM_ID,CATEGORY_ID_PK,PRODUCT_ID_PK) values (113,1,105);
Insert into PRODUCT_CATEGORIES (ITEM_ID,CATEGORY_ID_PK,PRODUCT_ID_PK) values (114,1,106);
Insert into PRODUCT_CATEGORIES (ITEM_ID,CATEGORY_ID_PK,PRODUCT_ID_PK) values (115,2,12);
Insert into PRODUCT_CATEGORIES (ITEM_ID,CATEGORY_ID_PK,PRODUCT_ID_PK) values (116,3,12);
Insert into PRODUCT_CATEGORIES (ITEM_ID,CATEGORY_ID_PK,PRODUCT_ID_PK) values (117,2,91);
Insert into PRODUCT_CATEGORIES (ITEM_ID,CATEGORY_ID_PK,PRODUCT_ID_PK) values (118,3,91);
Insert into PRODUCT_CATEGORIES (ITEM_ID,CATEGORY_ID_PK,PRODUCT_ID_PK) values (119,2,101);
Insert into PRODUCT_CATEGORIES (ITEM_ID,CATEGORY_ID_PK,PRODUCT_ID_PK) values (120,4,101);
Insert into PRODUCT_CATEGORIES (ITEM_ID,CATEGORY_ID_PK,PRODUCT_ID_PK) values (121,2,102);
Insert into PRODUCT_CATEGORIES (ITEM_ID,CATEGORY_ID_PK,PRODUCT_ID_PK) values (122,4,102);
Insert into PRODUCT_CATEGORIES (ITEM_ID,CATEGORY_ID_PK,PRODUCT_ID_PK) values (123,5,103);
Insert into PRODUCT_CATEGORIES (ITEM_ID,CATEGORY_ID_PK,PRODUCT_ID_PK) values (124,6,103);
Insert into PRODUCT_CATEGORIES (ITEM_ID,CATEGORY_ID_PK,PRODUCT_ID_PK) values (125,5,104);
Insert into PRODUCT_CATEGORIES (ITEM_ID,CATEGORY_ID_PK,PRODUCT_ID_PK) values (126,6,104);
Insert into PRODUCT_CATEGORIES (ITEM_ID,CATEGORY_ID_PK,PRODUCT_ID_PK) values (127,5,105);
Insert into PRODUCT_CATEGORIES (ITEM_ID,CATEGORY_ID_PK,PRODUCT_ID_PK) values (128,7,105);
Insert into PRODUCT_CATEGORIES (ITEM_ID,CATEGORY_ID_PK,PRODUCT_ID_PK) values (129,5,106);
Insert into PRODUCT_CATEGORIES (ITEM_ID,CATEGORY_ID_PK,PRODUCT_ID_PK) values (130,7,106);
Insert into PRODUCT_CATEGORIES (ITEM_ID,CATEGORY_ID_PK,PRODUCT_ID_PK) values (131,8,107);
Insert into PRODUCT_CATEGORIES (ITEM_ID,CATEGORY_ID_PK,PRODUCT_ID_PK) values (132,8,108);
Insert into PRODUCT_CATEGORIES (ITEM_ID,CATEGORY_ID_PK,PRODUCT_ID_PK) values (133,9,109);
Insert into PRODUCT_CATEGORIES (ITEM_ID,CATEGORY_ID_PK,PRODUCT_ID_PK) values (134,10,109);
Insert into PRODUCT_CATEGORIES (ITEM_ID,CATEGORY_ID_PK,PRODUCT_ID_PK) values (137,9,111);
Insert into PRODUCT_CATEGORIES (ITEM_ID,CATEGORY_ID_PK,PRODUCT_ID_PK) values (138,11,111);
Insert into PRODUCT_CATEGORIES (ITEM_ID,CATEGORY_ID_PK,PRODUCT_ID_PK) values (135,9,110);
Insert into PRODUCT_CATEGORIES (ITEM_ID,CATEGORY_ID_PK,PRODUCT_ID_PK) values (136,10,110);
Insert into PRODUCT_CATEGORIES (ITEM_ID,CATEGORY_ID_PK,PRODUCT_ID_PK) values (139,9,112);
Insert into PRODUCT_CATEGORIES (ITEM_ID,CATEGORY_ID_PK,PRODUCT_ID_PK) values (140,12,112);
Insert into PRODUCT_CATEGORIES (ITEM_ID,CATEGORY_ID_PK,PRODUCT_ID_PK) values (279,2,270);
Insert into PRODUCT_CATEGORIES (ITEM_ID,CATEGORY_ID_PK,PRODUCT_ID_PK) values (280,3,270);
Insert into PRODUCT_CATEGORIES (ITEM_ID,CATEGORY_ID_PK,PRODUCT_ID_PK) values (282,2,281);
Insert into PRODUCT_CATEGORIES (ITEM_ID,CATEGORY_ID_PK,PRODUCT_ID_PK) values (283,4,281);
Insert into PRODUCT_CATEGORIES (ITEM_ID,CATEGORY_ID_PK,PRODUCT_ID_PK) values (302,2,301);
Insert into PRODUCT_CATEGORIES (ITEM_ID,CATEGORY_ID_PK,PRODUCT_ID_PK) values (303,3,301);
Insert into PRODUCT_CATEGORIES (ITEM_ID,CATEGORY_ID_PK,PRODUCT_ID_PK) values (307,2,306);
Insert into PRODUCT_CATEGORIES (ITEM_ID,CATEGORY_ID_PK,PRODUCT_ID_PK) values (308,3,306);
Insert into PRODUCT_CATEGORIES (ITEM_ID,CATEGORY_ID_PK,PRODUCT_ID_PK) values (329,2,328);
Insert into PRODUCT_CATEGORIES (ITEM_ID,CATEGORY_ID_PK,PRODUCT_ID_PK) values (330,3,328);
Insert into PRODUCT_CATEGORIES (ITEM_ID,CATEGORY_ID_PK,PRODUCT_ID_PK) values (335,2,334);
Insert into PRODUCT_CATEGORIES (ITEM_ID,CATEGORY_ID_PK,PRODUCT_ID_PK) values (336,3,334);
REM INSERTING into PRODUCT_DETAILS
SET DEFINE OFF;
Insert into PRODUCT_DETAILS (PRODUCT_DETAIL_ID,PRODUCT_ID_PK,TITLE,INVENTORY,SKU,THUMBNAIL,WEIGHT) values (304,301,'36.5',100,'30111',null,500);
Insert into PRODUCT_DETAILS (PRODUCT_DETAIL_ID,PRODUCT_ID_PK,TITLE,INVENTORY,SKU,THUMBNAIL,WEIGHT) values (305,301,'41',100,'30120',null,500);
Insert into PRODUCT_DETAILS (PRODUCT_DETAIL_ID,PRODUCT_ID_PK,TITLE,INVENTORY,SKU,THUMBNAIL,WEIGHT) values (309,306,'41',100,'30620',null,500);
Insert into PRODUCT_DETAILS (PRODUCT_DETAIL_ID,PRODUCT_ID_PK,TITLE,INVENTORY,SKU,THUMBNAIL,WEIGHT) values (310,306,'42',100,'30622',null,500);
Insert into PRODUCT_DETAILS (PRODUCT_DETAIL_ID,PRODUCT_ID_PK,TITLE,INVENTORY,SKU,THUMBNAIL,WEIGHT) values (311,306,'43',100,'30624',null,500);
Insert into PRODUCT_DETAILS (PRODUCT_DETAIL_ID,PRODUCT_ID_PK,TITLE,INVENTORY,SKU,THUMBNAIL,WEIGHT) values (312,306,'43.5',100,'30625',null,500);
Insert into PRODUCT_DETAILS (PRODUCT_DETAIL_ID,PRODUCT_ID_PK,TITLE,INVENTORY,SKU,THUMBNAIL,WEIGHT) values (331,328,'40',100,'32818',null,500);
Insert into PRODUCT_DETAILS (PRODUCT_DETAIL_ID,PRODUCT_ID_PK,TITLE,INVENTORY,SKU,THUMBNAIL,WEIGHT) values (332,328,'41',98,'32820',null,500);
Insert into PRODUCT_DETAILS (PRODUCT_DETAIL_ID,PRODUCT_ID_PK,TITLE,INVENTORY,SKU,THUMBNAIL,WEIGHT) values (333,328,'42',100,'32822',null,500);
Insert into PRODUCT_DETAILS (PRODUCT_DETAIL_ID,PRODUCT_ID_PK,TITLE,INVENTORY,SKU,THUMBNAIL,WEIGHT) values (337,334,'41',100,'33420',null,500);
Insert into PRODUCT_DETAILS (PRODUCT_DETAIL_ID,PRODUCT_ID_PK,TITLE,INVENTORY,SKU,THUMBNAIL,WEIGHT) values (338,334,'41.5',100,'33421',null,500);
Insert into PRODUCT_DETAILS (PRODUCT_DETAIL_ID,PRODUCT_ID_PK,TITLE,INVENTORY,SKU,THUMBNAIL,WEIGHT) values (339,334,'42',100,'33422',null,500);
Insert into PRODUCT_DETAILS (PRODUCT_DETAIL_ID,PRODUCT_ID_PK,TITLE,INVENTORY,SKU,THUMBNAIL,WEIGHT) values (340,334,'42.5',100,'33423',null,500);
Insert into PRODUCT_DETAILS (PRODUCT_DETAIL_ID,PRODUCT_ID_PK,TITLE,INVENTORY,SKU,THUMBNAIL,WEIGHT) values (341,334,'43',100,'33424',null,500);
Insert into PRODUCT_DETAILS (PRODUCT_DETAIL_ID,PRODUCT_ID_PK,TITLE,INVENTORY,SKU,THUMBNAIL,WEIGHT) values (157,91,'40',100,'912818',null,500);
Insert into PRODUCT_DETAILS (PRODUCT_DETAIL_ID,PRODUCT_ID_PK,TITLE,INVENTORY,SKU,THUMBNAIL,WEIGHT) values (158,91,'41',100,'912820',null,500);
Insert into PRODUCT_DETAILS (PRODUCT_DETAIL_ID,PRODUCT_ID_PK,TITLE,INVENTORY,SKU,THUMBNAIL,WEIGHT) values (159,91,'42',100,'912822',null,500);
Insert into PRODUCT_DETAILS (PRODUCT_DETAIL_ID,PRODUCT_ID_PK,TITLE,INVENTORY,SKU,THUMBNAIL,WEIGHT) values (160,91,'43',100,'912824',null,500);
Insert into PRODUCT_DETAILS (PRODUCT_DETAIL_ID,PRODUCT_ID_PK,TITLE,INVENTORY,SKU,THUMBNAIL,WEIGHT) values (161,91,'44',100,'912826',null,500);
Insert into PRODUCT_DETAILS (PRODUCT_DETAIL_ID,PRODUCT_ID_PK,TITLE,INVENTORY,SKU,THUMBNAIL,WEIGHT) values (181,105,'36',100,'1059610',null,500);
Insert into PRODUCT_DETAILS (PRODUCT_DETAIL_ID,PRODUCT_ID_PK,TITLE,INVENTORY,SKU,THUMBNAIL,WEIGHT) values (182,105,'36.5',100,'1059611',null,500);
Insert into PRODUCT_DETAILS (PRODUCT_DETAIL_ID,PRODUCT_ID_PK,TITLE,INVENTORY,SKU,THUMBNAIL,WEIGHT) values (183,105,'37',100,'1059612',null,500);
Insert into PRODUCT_DETAILS (PRODUCT_DETAIL_ID,PRODUCT_ID_PK,TITLE,INVENTORY,SKU,THUMBNAIL,WEIGHT) values (184,105,'37.5',100,'1059613',null,500);
Insert into PRODUCT_DETAILS (PRODUCT_DETAIL_ID,PRODUCT_ID_PK,TITLE,INVENTORY,SKU,THUMBNAIL,WEIGHT) values (185,105,'38',93,'1059614',null,500);
Insert into PRODUCT_DETAILS (PRODUCT_DETAIL_ID,PRODUCT_ID_PK,TITLE,INVENTORY,SKU,THUMBNAIL,WEIGHT) values (186,105,'38.5',96,'1059615',null,500);
Insert into PRODUCT_DETAILS (PRODUCT_DETAIL_ID,PRODUCT_ID_PK,TITLE,INVENTORY,SKU,THUMBNAIL,WEIGHT) values (187,105,'39',100,'1059616',null,500);
Insert into PRODUCT_DETAILS (PRODUCT_DETAIL_ID,PRODUCT_ID_PK,TITLE,INVENTORY,SKU,THUMBNAIL,WEIGHT) values (284,281,'36',100,'2819210',null,500);
Insert into PRODUCT_DETAILS (PRODUCT_DETAIL_ID,PRODUCT_ID_PK,TITLE,INVENTORY,SKU,THUMBNAIL,WEIGHT) values (285,281,'36.5',100,'2819211',null,500);
Insert into PRODUCT_DETAILS (PRODUCT_DETAIL_ID,PRODUCT_ID_PK,TITLE,INVENTORY,SKU,THUMBNAIL,WEIGHT) values (286,281,'37',100,'2819212',null,500);
Insert into PRODUCT_DETAILS (PRODUCT_DETAIL_ID,PRODUCT_ID_PK,TITLE,INVENTORY,SKU,THUMBNAIL,WEIGHT) values (287,281,'37.5',100,'2819213',null,500);
Insert into PRODUCT_DETAILS (PRODUCT_DETAIL_ID,PRODUCT_ID_PK,TITLE,INVENTORY,SKU,THUMBNAIL,WEIGHT) values (288,281,'38',100,'2819214',null,500);
Insert into PRODUCT_DETAILS (PRODUCT_DETAIL_ID,PRODUCT_ID_PK,TITLE,INVENTORY,SKU,THUMBNAIL,WEIGHT) values (289,281,'38.5',100,'2819215',null,500);
Insert into PRODUCT_DETAILS (PRODUCT_DETAIL_ID,PRODUCT_ID_PK,TITLE,INVENTORY,SKU,THUMBNAIL,WEIGHT) values (290,281,'39',100,'2819216',null,500);
Insert into PRODUCT_DETAILS (PRODUCT_DETAIL_ID,PRODUCT_ID_PK,TITLE,INVENTORY,SKU,THUMBNAIL,WEIGHT) values (145,12,'40',100,'129218',null,500);
Insert into PRODUCT_DETAILS (PRODUCT_DETAIL_ID,PRODUCT_ID_PK,TITLE,INVENTORY,SKU,THUMBNAIL,WEIGHT) values (148,12,'40.5',100,'129219',null,500);
Insert into PRODUCT_DETAILS (PRODUCT_DETAIL_ID,PRODUCT_ID_PK,TITLE,INVENTORY,SKU,THUMBNAIL,WEIGHT) values (149,12,'41',100,'129220',null,500);
Insert into PRODUCT_DETAILS (PRODUCT_DETAIL_ID,PRODUCT_ID_PK,TITLE,INVENTORY,SKU,THUMBNAIL,WEIGHT) values (150,12,'41.5',100,'129221',null,500);
Insert into PRODUCT_DETAILS (PRODUCT_DETAIL_ID,PRODUCT_ID_PK,TITLE,INVENTORY,SKU,THUMBNAIL,WEIGHT) values (152,12,'42',100,'129222',null,500);
Insert into PRODUCT_DETAILS (PRODUCT_DETAIL_ID,PRODUCT_ID_PK,TITLE,INVENTORY,SKU,THUMBNAIL,WEIGHT) values (153,12,'42.5',100,'129223',null,500);
Insert into PRODUCT_DETAILS (PRODUCT_DETAIL_ID,PRODUCT_ID_PK,TITLE,INVENTORY,SKU,THUMBNAIL,WEIGHT) values (154,12,'43',100,'129224',null,500);
Insert into PRODUCT_DETAILS (PRODUCT_DETAIL_ID,PRODUCT_ID_PK,TITLE,INVENTORY,SKU,THUMBNAIL,WEIGHT) values (155,12,'43.5',100,'129225',null,500);
Insert into PRODUCT_DETAILS (PRODUCT_DETAIL_ID,PRODUCT_ID_PK,TITLE,INVENTORY,SKU,THUMBNAIL,WEIGHT) values (156,12,'44',100,'129226',null,500);
Insert into PRODUCT_DETAILS (PRODUCT_DETAIL_ID,PRODUCT_ID_PK,TITLE,INVENTORY,SKU,THUMBNAIL,WEIGHT) values (162,101,'38',100,'1013014',null,500);
Insert into PRODUCT_DETAILS (PRODUCT_DETAIL_ID,PRODUCT_ID_PK,TITLE,INVENTORY,SKU,THUMBNAIL,WEIGHT) values (163,101,'38.5',100,'1013015',null,500);
Insert into PRODUCT_DETAILS (PRODUCT_DETAIL_ID,PRODUCT_ID_PK,TITLE,INVENTORY,SKU,THUMBNAIL,WEIGHT) values (164,102,'37.5',100,'10210013',null,500);
Insert into PRODUCT_DETAILS (PRODUCT_DETAIL_ID,PRODUCT_ID_PK,TITLE,INVENTORY,SKU,THUMBNAIL,WEIGHT) values (165,102,'38',100,'10210014',null,500);
Insert into PRODUCT_DETAILS (PRODUCT_DETAIL_ID,PRODUCT_ID_PK,TITLE,INVENTORY,SKU,THUMBNAIL,WEIGHT) values (166,102,'38.5',100,'10210015',null,500);
Insert into PRODUCT_DETAILS (PRODUCT_DETAIL_ID,PRODUCT_ID_PK,TITLE,INVENTORY,SKU,THUMBNAIL,WEIGHT) values (167,103,'40',100,'1039218',null,500);
Insert into PRODUCT_DETAILS (PRODUCT_DETAIL_ID,PRODUCT_ID_PK,TITLE,INVENTORY,SKU,THUMBNAIL,WEIGHT) values (168,103,'40.5',100,'1039219',null,500);
Insert into PRODUCT_DETAILS (PRODUCT_DETAIL_ID,PRODUCT_ID_PK,TITLE,INVENTORY,SKU,THUMBNAIL,WEIGHT) values (169,103,'41',100,'1039220',null,500);
Insert into PRODUCT_DETAILS (PRODUCT_DETAIL_ID,PRODUCT_ID_PK,TITLE,INVENTORY,SKU,THUMBNAIL,WEIGHT) values (170,103,'41.5',100,'1039221',null,500);
Insert into PRODUCT_DETAILS (PRODUCT_DETAIL_ID,PRODUCT_ID_PK,TITLE,INVENTORY,SKU,THUMBNAIL,WEIGHT) values (171,103,'42',100,'1039222',null,500);
Insert into PRODUCT_DETAILS (PRODUCT_DETAIL_ID,PRODUCT_ID_PK,TITLE,INVENTORY,SKU,THUMBNAIL,WEIGHT) values (172,103,'42.5',100,'1039223',null,500);
Insert into PRODUCT_DETAILS (PRODUCT_DETAIL_ID,PRODUCT_ID_PK,TITLE,INVENTORY,SKU,THUMBNAIL,WEIGHT) values (173,103,'43',100,'1039224',null,500);
Insert into PRODUCT_DETAILS (PRODUCT_DETAIL_ID,PRODUCT_ID_PK,TITLE,INVENTORY,SKU,THUMBNAIL,WEIGHT) values (174,104,'40',100,'1049218',null,500);
Insert into PRODUCT_DETAILS (PRODUCT_DETAIL_ID,PRODUCT_ID_PK,TITLE,INVENTORY,SKU,THUMBNAIL,WEIGHT) values (175,104,'40.5',99,'1049219',null,500);
Insert into PRODUCT_DETAILS (PRODUCT_DETAIL_ID,PRODUCT_ID_PK,TITLE,INVENTORY,SKU,THUMBNAIL,WEIGHT) values (176,104,'41',100,'1049220',null,500);
Insert into PRODUCT_DETAILS (PRODUCT_DETAIL_ID,PRODUCT_ID_PK,TITLE,INVENTORY,SKU,THUMBNAIL,WEIGHT) values (177,104,'41.5',100,'1049221',null,500);
Insert into PRODUCT_DETAILS (PRODUCT_DETAIL_ID,PRODUCT_ID_PK,TITLE,INVENTORY,SKU,THUMBNAIL,WEIGHT) values (178,104,'42',100,'1049222',null,500);
Insert into PRODUCT_DETAILS (PRODUCT_DETAIL_ID,PRODUCT_ID_PK,TITLE,INVENTORY,SKU,THUMBNAIL,WEIGHT) values (179,104,'42.5',100,'1049223',null,500);
Insert into PRODUCT_DETAILS (PRODUCT_DETAIL_ID,PRODUCT_ID_PK,TITLE,INVENTORY,SKU,THUMBNAIL,WEIGHT) values (180,104,'43',100,'1049224',null,500);
Insert into PRODUCT_DETAILS (PRODUCT_DETAIL_ID,PRODUCT_ID_PK,TITLE,INVENTORY,SKU,THUMBNAIL,WEIGHT) values (188,106,'36',100,'1069610',null,500);
Insert into PRODUCT_DETAILS (PRODUCT_DETAIL_ID,PRODUCT_ID_PK,TITLE,INVENTORY,SKU,THUMBNAIL,WEIGHT) values (189,106,'36.5',100,'1069611',null,500);
Insert into PRODUCT_DETAILS (PRODUCT_DETAIL_ID,PRODUCT_ID_PK,TITLE,INVENTORY,SKU,THUMBNAIL,WEIGHT) values (190,106,'37',100,'1069612',null,500);
Insert into PRODUCT_DETAILS (PRODUCT_DETAIL_ID,PRODUCT_ID_PK,TITLE,INVENTORY,SKU,THUMBNAIL,WEIGHT) values (191,106,'37.5',100,'1069613',null,500);
Insert into PRODUCT_DETAILS (PRODUCT_DETAIL_ID,PRODUCT_ID_PK,TITLE,INVENTORY,SKU,THUMBNAIL,WEIGHT) values (192,106,'38',100,'1069614',null,500);
Insert into PRODUCT_DETAILS (PRODUCT_DETAIL_ID,PRODUCT_ID_PK,TITLE,INVENTORY,SKU,THUMBNAIL,WEIGHT) values (193,106,'38.5',100,'1069615',null,500);
Insert into PRODUCT_DETAILS (PRODUCT_DETAIL_ID,PRODUCT_ID_PK,TITLE,INVENTORY,SKU,THUMBNAIL,WEIGHT) values (194,106,'39',100,'1069616',null,500);
Insert into PRODUCT_DETAILS (PRODUCT_DETAIL_ID,PRODUCT_ID_PK,TITLE,INVENTORY,SKU,THUMBNAIL,WEIGHT) values (195,107,'44',99,'10710026',null,500);
Insert into PRODUCT_DETAILS (PRODUCT_DETAIL_ID,PRODUCT_ID_PK,TITLE,INVENTORY,SKU,THUMBNAIL,WEIGHT) values (196,108,'44',98,'1089626',null,500);
Insert into PRODUCT_DETAILS (PRODUCT_DETAIL_ID,PRODUCT_ID_PK,TITLE,INVENTORY,SKU,THUMBNAIL,WEIGHT) values (197,109,'Xanh dương / 37',100,'1099712',null,500);
Insert into PRODUCT_DETAILS (PRODUCT_DETAIL_ID,PRODUCT_ID_PK,TITLE,INVENTORY,SKU,THUMBNAIL,WEIGHT) values (198,110,'37.5',100,'1109313',null,500);
Insert into PRODUCT_DETAILS (PRODUCT_DETAIL_ID,PRODUCT_ID_PK,TITLE,INVENTORY,SKU,THUMBNAIL,WEIGHT) values (199,111,'38',100,'11110014',null,500);
Insert into PRODUCT_DETAILS (PRODUCT_DETAIL_ID,PRODUCT_ID_PK,TITLE,INVENTORY,SKU,THUMBNAIL,WEIGHT) values (200,112,'39',100,'11210016',null,500);
Insert into PRODUCT_DETAILS (PRODUCT_DETAIL_ID,PRODUCT_ID_PK,TITLE,INVENTORY,SKU,THUMBNAIL,WEIGHT) values (271,270,'40',100,'2709318',null,500);
Insert into PRODUCT_DETAILS (PRODUCT_DETAIL_ID,PRODUCT_ID_PK,TITLE,INVENTORY,SKU,THUMBNAIL,WEIGHT) values (272,270,'40.5',100,'2709319',null,500);
Insert into PRODUCT_DETAILS (PRODUCT_DETAIL_ID,PRODUCT_ID_PK,TITLE,INVENTORY,SKU,THUMBNAIL,WEIGHT) values (273,270,'41',100,'2709320',null,500);
Insert into PRODUCT_DETAILS (PRODUCT_DETAIL_ID,PRODUCT_ID_PK,TITLE,INVENTORY,SKU,THUMBNAIL,WEIGHT) values (274,270,'41.5',100,'2709321',null,500);
Insert into PRODUCT_DETAILS (PRODUCT_DETAIL_ID,PRODUCT_ID_PK,TITLE,INVENTORY,SKU,THUMBNAIL,WEIGHT) values (275,270,'42',100,'2709322',null,500);
Insert into PRODUCT_DETAILS (PRODUCT_DETAIL_ID,PRODUCT_ID_PK,TITLE,INVENTORY,SKU,THUMBNAIL,WEIGHT) values (276,270,'42.5',100,'2709323',null,500);
Insert into PRODUCT_DETAILS (PRODUCT_DETAIL_ID,PRODUCT_ID_PK,TITLE,INVENTORY,SKU,THUMBNAIL,WEIGHT) values (277,270,'43',100,'2709324',null,500);
Insert into PRODUCT_DETAILS (PRODUCT_DETAIL_ID,PRODUCT_ID_PK,TITLE,INVENTORY,SKU,THUMBNAIL,WEIGHT) values (278,270,'43.5',100,'2709325',null,500);
Insert into PRODUCT_DETAILS (PRODUCT_DETAIL_ID,PRODUCT_ID_PK,TITLE,INVENTORY,SKU,THUMBNAIL,WEIGHT) values (316,313,'40',100,'31318',null,500);
Insert into PRODUCT_DETAILS (PRODUCT_DETAIL_ID,PRODUCT_ID_PK,TITLE,INVENTORY,SKU,THUMBNAIL,WEIGHT) values (317,313,'40.5',100,'31319',null,500);
Insert into PRODUCT_DETAILS (PRODUCT_DETAIL_ID,PRODUCT_ID_PK,TITLE,INVENTORY,SKU,THUMBNAIL,WEIGHT) values (318,313,'41',100,'31320',null,500);
Insert into PRODUCT_DETAILS (PRODUCT_DETAIL_ID,PRODUCT_ID_PK,TITLE,INVENTORY,SKU,THUMBNAIL,WEIGHT) values (319,313,'41.5',100,'31321',null,500);
Insert into PRODUCT_DETAILS (PRODUCT_DETAIL_ID,PRODUCT_ID_PK,TITLE,INVENTORY,SKU,THUMBNAIL,WEIGHT) values (320,313,'42',100,'31322',null,500);
Insert into PRODUCT_DETAILS (PRODUCT_DETAIL_ID,PRODUCT_ID_PK,TITLE,INVENTORY,SKU,THUMBNAIL,WEIGHT) values (321,313,'43',100,'31324',null,500);
Insert into PRODUCT_DETAILS (PRODUCT_DETAIL_ID,PRODUCT_ID_PK,TITLE,INVENTORY,SKU,THUMBNAIL,WEIGHT) values (325,322,'41',100,'32220',null,500);
Insert into PRODUCT_DETAILS (PRODUCT_DETAIL_ID,PRODUCT_ID_PK,TITLE,INVENTORY,SKU,THUMBNAIL,WEIGHT) values (326,322,'42',100,'32222',null,500);
Insert into PRODUCT_DETAILS (PRODUCT_DETAIL_ID,PRODUCT_ID_PK,TITLE,INVENTORY,SKU,THUMBNAIL,WEIGHT) values (327,322,'43',100,'32224',null,500);
REM INSERTING into PRODUCT_VARIANT_DETAILS
SET DEFINE OFF;
Insert into PRODUCT_VARIANT_DETAILS (PRODUCT_DETAIL_ID_PK,VARIANT_VALUE_ID_PK) values (304,11);
Insert into PRODUCT_VARIANT_DETAILS (PRODUCT_DETAIL_ID_PK,VARIANT_VALUE_ID_PK) values (305,20);
Insert into PRODUCT_VARIANT_DETAILS (PRODUCT_DETAIL_ID_PK,VARIANT_VALUE_ID_PK) values (309,20);
Insert into PRODUCT_VARIANT_DETAILS (PRODUCT_DETAIL_ID_PK,VARIANT_VALUE_ID_PK) values (310,22);
Insert into PRODUCT_VARIANT_DETAILS (PRODUCT_DETAIL_ID_PK,VARIANT_VALUE_ID_PK) values (311,24);
Insert into PRODUCT_VARIANT_DETAILS (PRODUCT_DETAIL_ID_PK,VARIANT_VALUE_ID_PK) values (312,25);
Insert into PRODUCT_VARIANT_DETAILS (PRODUCT_DETAIL_ID_PK,VARIANT_VALUE_ID_PK) values (331,18);
Insert into PRODUCT_VARIANT_DETAILS (PRODUCT_DETAIL_ID_PK,VARIANT_VALUE_ID_PK) values (332,20);
Insert into PRODUCT_VARIANT_DETAILS (PRODUCT_DETAIL_ID_PK,VARIANT_VALUE_ID_PK) values (333,22);
Insert into PRODUCT_VARIANT_DETAILS (PRODUCT_DETAIL_ID_PK,VARIANT_VALUE_ID_PK) values (337,20);
Insert into PRODUCT_VARIANT_DETAILS (PRODUCT_DETAIL_ID_PK,VARIANT_VALUE_ID_PK) values (338,21);
Insert into PRODUCT_VARIANT_DETAILS (PRODUCT_DETAIL_ID_PK,VARIANT_VALUE_ID_PK) values (339,22);
Insert into PRODUCT_VARIANT_DETAILS (PRODUCT_DETAIL_ID_PK,VARIANT_VALUE_ID_PK) values (340,23);
Insert into PRODUCT_VARIANT_DETAILS (PRODUCT_DETAIL_ID_PK,VARIANT_VALUE_ID_PK) values (341,24);
Insert into PRODUCT_VARIANT_DETAILS (PRODUCT_DETAIL_ID_PK,VARIANT_VALUE_ID_PK) values (316,18);
Insert into PRODUCT_VARIANT_DETAILS (PRODUCT_DETAIL_ID_PK,VARIANT_VALUE_ID_PK) values (317,19);
Insert into PRODUCT_VARIANT_DETAILS (PRODUCT_DETAIL_ID_PK,VARIANT_VALUE_ID_PK) values (318,20);
Insert into PRODUCT_VARIANT_DETAILS (PRODUCT_DETAIL_ID_PK,VARIANT_VALUE_ID_PK) values (319,21);
Insert into PRODUCT_VARIANT_DETAILS (PRODUCT_DETAIL_ID_PK,VARIANT_VALUE_ID_PK) values (320,22);
Insert into PRODUCT_VARIANT_DETAILS (PRODUCT_DETAIL_ID_PK,VARIANT_VALUE_ID_PK) values (321,24);
Insert into PRODUCT_VARIANT_DETAILS (PRODUCT_DETAIL_ID_PK,VARIANT_VALUE_ID_PK) values (325,20);
Insert into PRODUCT_VARIANT_DETAILS (PRODUCT_DETAIL_ID_PK,VARIANT_VALUE_ID_PK) values (326,22);
Insert into PRODUCT_VARIANT_DETAILS (PRODUCT_DETAIL_ID_PK,VARIANT_VALUE_ID_PK) values (327,24);
Insert into PRODUCT_VARIANT_DETAILS (PRODUCT_DETAIL_ID_PK,VARIANT_VALUE_ID_PK) values (157,18);
Insert into PRODUCT_VARIANT_DETAILS (PRODUCT_DETAIL_ID_PK,VARIANT_VALUE_ID_PK) values (158,20);
Insert into PRODUCT_VARIANT_DETAILS (PRODUCT_DETAIL_ID_PK,VARIANT_VALUE_ID_PK) values (159,22);
Insert into PRODUCT_VARIANT_DETAILS (PRODUCT_DETAIL_ID_PK,VARIANT_VALUE_ID_PK) values (160,24);
Insert into PRODUCT_VARIANT_DETAILS (PRODUCT_DETAIL_ID_PK,VARIANT_VALUE_ID_PK) values (161,26);
Insert into PRODUCT_VARIANT_DETAILS (PRODUCT_DETAIL_ID_PK,VARIANT_VALUE_ID_PK) values (181,10);
Insert into PRODUCT_VARIANT_DETAILS (PRODUCT_DETAIL_ID_PK,VARIANT_VALUE_ID_PK) values (182,11);
Insert into PRODUCT_VARIANT_DETAILS (PRODUCT_DETAIL_ID_PK,VARIANT_VALUE_ID_PK) values (183,12);
Insert into PRODUCT_VARIANT_DETAILS (PRODUCT_DETAIL_ID_PK,VARIANT_VALUE_ID_PK) values (184,13);
Insert into PRODUCT_VARIANT_DETAILS (PRODUCT_DETAIL_ID_PK,VARIANT_VALUE_ID_PK) values (185,14);
Insert into PRODUCT_VARIANT_DETAILS (PRODUCT_DETAIL_ID_PK,VARIANT_VALUE_ID_PK) values (186,15);
Insert into PRODUCT_VARIANT_DETAILS (PRODUCT_DETAIL_ID_PK,VARIANT_VALUE_ID_PK) values (187,16);
Insert into PRODUCT_VARIANT_DETAILS (PRODUCT_DETAIL_ID_PK,VARIANT_VALUE_ID_PK) values (284,10);
Insert into PRODUCT_VARIANT_DETAILS (PRODUCT_DETAIL_ID_PK,VARIANT_VALUE_ID_PK) values (285,11);
Insert into PRODUCT_VARIANT_DETAILS (PRODUCT_DETAIL_ID_PK,VARIANT_VALUE_ID_PK) values (286,12);
Insert into PRODUCT_VARIANT_DETAILS (PRODUCT_DETAIL_ID_PK,VARIANT_VALUE_ID_PK) values (287,13);
Insert into PRODUCT_VARIANT_DETAILS (PRODUCT_DETAIL_ID_PK,VARIANT_VALUE_ID_PK) values (288,14);
Insert into PRODUCT_VARIANT_DETAILS (PRODUCT_DETAIL_ID_PK,VARIANT_VALUE_ID_PK) values (289,15);
Insert into PRODUCT_VARIANT_DETAILS (PRODUCT_DETAIL_ID_PK,VARIANT_VALUE_ID_PK) values (290,16);
Insert into PRODUCT_VARIANT_DETAILS (PRODUCT_DETAIL_ID_PK,VARIANT_VALUE_ID_PK) values (153,23);
Insert into PRODUCT_VARIANT_DETAILS (PRODUCT_DETAIL_ID_PK,VARIANT_VALUE_ID_PK) values (154,24);
Insert into PRODUCT_VARIANT_DETAILS (PRODUCT_DETAIL_ID_PK,VARIANT_VALUE_ID_PK) values (155,25);
Insert into PRODUCT_VARIANT_DETAILS (PRODUCT_DETAIL_ID_PK,VARIANT_VALUE_ID_PK) values (156,26);
Insert into PRODUCT_VARIANT_DETAILS (PRODUCT_DETAIL_ID_PK,VARIANT_VALUE_ID_PK) values (162,14);
Insert into PRODUCT_VARIANT_DETAILS (PRODUCT_DETAIL_ID_PK,VARIANT_VALUE_ID_PK) values (163,15);
Insert into PRODUCT_VARIANT_DETAILS (PRODUCT_DETAIL_ID_PK,VARIANT_VALUE_ID_PK) values (164,13);
Insert into PRODUCT_VARIANT_DETAILS (PRODUCT_DETAIL_ID_PK,VARIANT_VALUE_ID_PK) values (165,14);
Insert into PRODUCT_VARIANT_DETAILS (PRODUCT_DETAIL_ID_PK,VARIANT_VALUE_ID_PK) values (166,15);
Insert into PRODUCT_VARIANT_DETAILS (PRODUCT_DETAIL_ID_PK,VARIANT_VALUE_ID_PK) values (167,18);
Insert into PRODUCT_VARIANT_DETAILS (PRODUCT_DETAIL_ID_PK,VARIANT_VALUE_ID_PK) values (168,19);
Insert into PRODUCT_VARIANT_DETAILS (PRODUCT_DETAIL_ID_PK,VARIANT_VALUE_ID_PK) values (169,20);
Insert into PRODUCT_VARIANT_DETAILS (PRODUCT_DETAIL_ID_PK,VARIANT_VALUE_ID_PK) values (170,21);
Insert into PRODUCT_VARIANT_DETAILS (PRODUCT_DETAIL_ID_PK,VARIANT_VALUE_ID_PK) values (171,22);
Insert into PRODUCT_VARIANT_DETAILS (PRODUCT_DETAIL_ID_PK,VARIANT_VALUE_ID_PK) values (172,23);
Insert into PRODUCT_VARIANT_DETAILS (PRODUCT_DETAIL_ID_PK,VARIANT_VALUE_ID_PK) values (173,24);
Insert into PRODUCT_VARIANT_DETAILS (PRODUCT_DETAIL_ID_PK,VARIANT_VALUE_ID_PK) values (174,18);
Insert into PRODUCT_VARIANT_DETAILS (PRODUCT_DETAIL_ID_PK,VARIANT_VALUE_ID_PK) values (175,19);
Insert into PRODUCT_VARIANT_DETAILS (PRODUCT_DETAIL_ID_PK,VARIANT_VALUE_ID_PK) values (176,20);
Insert into PRODUCT_VARIANT_DETAILS (PRODUCT_DETAIL_ID_PK,VARIANT_VALUE_ID_PK) values (177,21);
Insert into PRODUCT_VARIANT_DETAILS (PRODUCT_DETAIL_ID_PK,VARIANT_VALUE_ID_PK) values (178,22);
Insert into PRODUCT_VARIANT_DETAILS (PRODUCT_DETAIL_ID_PK,VARIANT_VALUE_ID_PK) values (179,23);
Insert into PRODUCT_VARIANT_DETAILS (PRODUCT_DETAIL_ID_PK,VARIANT_VALUE_ID_PK) values (180,24);
Insert into PRODUCT_VARIANT_DETAILS (PRODUCT_DETAIL_ID_PK,VARIANT_VALUE_ID_PK) values (188,10);
Insert into PRODUCT_VARIANT_DETAILS (PRODUCT_DETAIL_ID_PK,VARIANT_VALUE_ID_PK) values (189,11);
Insert into PRODUCT_VARIANT_DETAILS (PRODUCT_DETAIL_ID_PK,VARIANT_VALUE_ID_PK) values (190,12);
Insert into PRODUCT_VARIANT_DETAILS (PRODUCT_DETAIL_ID_PK,VARIANT_VALUE_ID_PK) values (191,13);
Insert into PRODUCT_VARIANT_DETAILS (PRODUCT_DETAIL_ID_PK,VARIANT_VALUE_ID_PK) values (192,14);
Insert into PRODUCT_VARIANT_DETAILS (PRODUCT_DETAIL_ID_PK,VARIANT_VALUE_ID_PK) values (193,15);
Insert into PRODUCT_VARIANT_DETAILS (PRODUCT_DETAIL_ID_PK,VARIANT_VALUE_ID_PK) values (194,16);
Insert into PRODUCT_VARIANT_DETAILS (PRODUCT_DETAIL_ID_PK,VARIANT_VALUE_ID_PK) values (195,26);
Insert into PRODUCT_VARIANT_DETAILS (PRODUCT_DETAIL_ID_PK,VARIANT_VALUE_ID_PK) values (196,26);
Insert into PRODUCT_VARIANT_DETAILS (PRODUCT_DETAIL_ID_PK,VARIANT_VALUE_ID_PK) values (197,12);
Insert into PRODUCT_VARIANT_DETAILS (PRODUCT_DETAIL_ID_PK,VARIANT_VALUE_ID_PK) values (198,13);
Insert into PRODUCT_VARIANT_DETAILS (PRODUCT_DETAIL_ID_PK,VARIANT_VALUE_ID_PK) values (199,14);
Insert into PRODUCT_VARIANT_DETAILS (PRODUCT_DETAIL_ID_PK,VARIANT_VALUE_ID_PK) values (200,16);
Insert into PRODUCT_VARIANT_DETAILS (PRODUCT_DETAIL_ID_PK,VARIANT_VALUE_ID_PK) values (271,18);
Insert into PRODUCT_VARIANT_DETAILS (PRODUCT_DETAIL_ID_PK,VARIANT_VALUE_ID_PK) values (272,19);
Insert into PRODUCT_VARIANT_DETAILS (PRODUCT_DETAIL_ID_PK,VARIANT_VALUE_ID_PK) values (273,20);
Insert into PRODUCT_VARIANT_DETAILS (PRODUCT_DETAIL_ID_PK,VARIANT_VALUE_ID_PK) values (274,21);
Insert into PRODUCT_VARIANT_DETAILS (PRODUCT_DETAIL_ID_PK,VARIANT_VALUE_ID_PK) values (275,22);
Insert into PRODUCT_VARIANT_DETAILS (PRODUCT_DETAIL_ID_PK,VARIANT_VALUE_ID_PK) values (276,23);
Insert into PRODUCT_VARIANT_DETAILS (PRODUCT_DETAIL_ID_PK,VARIANT_VALUE_ID_PK) values (277,24);
Insert into PRODUCT_VARIANT_DETAILS (PRODUCT_DETAIL_ID_PK,VARIANT_VALUE_ID_PK) values (278,25);
Insert into PRODUCT_VARIANT_DETAILS (PRODUCT_DETAIL_ID_PK,VARIANT_VALUE_ID_PK) values (145,18);
Insert into PRODUCT_VARIANT_DETAILS (PRODUCT_DETAIL_ID_PK,VARIANT_VALUE_ID_PK) values (148,19);
Insert into PRODUCT_VARIANT_DETAILS (PRODUCT_DETAIL_ID_PK,VARIANT_VALUE_ID_PK) values (149,20);
Insert into PRODUCT_VARIANT_DETAILS (PRODUCT_DETAIL_ID_PK,VARIANT_VALUE_ID_PK) values (150,21);
Insert into PRODUCT_VARIANT_DETAILS (PRODUCT_DETAIL_ID_PK,VARIANT_VALUE_ID_PK) values (152,22);
REM INSERTING into VARIANTS
SET DEFINE OFF;
Insert into VARIANTS (VARIANT_ID,VARIANT_NAME) values (7,'Kích cỡ');
REM INSERTING into VARIANT_VALUES
SET DEFINE OFF;
Insert into VARIANT_VALUES (VARIANT_VALUE_ID,VARIANT_ID_PK,VALUE) values (10,7,'36');
Insert into VARIANT_VALUES (VARIANT_VALUE_ID,VARIANT_ID_PK,VALUE) values (11,7,'36.5');
Insert into VARIANT_VALUES (VARIANT_VALUE_ID,VARIANT_ID_PK,VALUE) values (12,7,'37');
Insert into VARIANT_VALUES (VARIANT_VALUE_ID,VARIANT_ID_PK,VALUE) values (13,7,'37.5');
Insert into VARIANT_VALUES (VARIANT_VALUE_ID,VARIANT_ID_PK,VALUE) values (14,7,'38');
Insert into VARIANT_VALUES (VARIANT_VALUE_ID,VARIANT_ID_PK,VALUE) values (15,7,'38.5');
Insert into VARIANT_VALUES (VARIANT_VALUE_ID,VARIANT_ID_PK,VALUE) values (16,7,'39');
Insert into VARIANT_VALUES (VARIANT_VALUE_ID,VARIANT_ID_PK,VALUE) values (17,7,'39.5');
Insert into VARIANT_VALUES (VARIANT_VALUE_ID,VARIANT_ID_PK,VALUE) values (18,7,'40');
Insert into VARIANT_VALUES (VARIANT_VALUE_ID,VARIANT_ID_PK,VALUE) values (19,7,'40.5');
Insert into VARIANT_VALUES (VARIANT_VALUE_ID,VARIANT_ID_PK,VALUE) values (20,7,'41');
Insert into VARIANT_VALUES (VARIANT_VALUE_ID,VARIANT_ID_PK,VALUE) values (21,7,'41.5');
Insert into VARIANT_VALUES (VARIANT_VALUE_ID,VARIANT_ID_PK,VALUE) values (22,7,'42');
Insert into VARIANT_VALUES (VARIANT_VALUE_ID,VARIANT_ID_PK,VALUE) values (23,7,'42.5');
Insert into VARIANT_VALUES (VARIANT_VALUE_ID,VARIANT_ID_PK,VALUE) values (24,7,'43');
Insert into VARIANT_VALUES (VARIANT_VALUE_ID,VARIANT_ID_PK,VALUE) values (25,7,'43.5');
Insert into VARIANT_VALUES (VARIANT_VALUE_ID,VARIANT_ID_PK,VALUE) values (26,7,'44');
Insert into VARIANT_VALUES (VARIANT_VALUE_ID,VARIANT_ID_PK,VALUE) values (27,7,'44.5');
REM INSERTING into WISHLIST_ITEMS
SET DEFINE OFF;
Insert into WISHLIST_ITEMS (ITEM_ID,PRODUCT_ID_PK,ACCOUNT_ID_PK) values (356,301,30);
Insert into WISHLIST_ITEMS (ITEM_ID,PRODUCT_ID_PK,ACCOUNT_ID_PK) values (343,334,30);
Insert into WISHLIST_ITEMS (ITEM_ID,PRODUCT_ID_PK,ACCOUNT_ID_PK) values (344,328,30);
Insert into WISHLIST_ITEMS (ITEM_ID,PRODUCT_ID_PK,ACCOUNT_ID_PK) values (345,322,30);
Insert into WISHLIST_ITEMS (ITEM_ID,PRODUCT_ID_PK,ACCOUNT_ID_PK) values (346,313,30);
--------------------------------------------------------
--  DDL for Index CATEGORIES_PK
--------------------------------------------------------

  CREATE UNIQUE INDEX "CATEGORIES_PK" ON "CATEGORIES" ("CATEGORY_ID") 
  PCTFREE 10 INITRANS 2 MAXTRANS 255 COMPUTE STATISTICS 
  STORAGE(INITIAL 65536 NEXT 1048576 MINEXTENTS 1 MAXEXTENTS 2147483645
  PCTINCREASE 0 FREELISTS 1 FREELIST GROUPS 1
  BUFFER_POOL DEFAULT FLASH_CACHE DEFAULT CELL_FLASH_CACHE DEFAULT)
  TABLESPACE "USERS" ;
--------------------------------------------------------
--  DDL for Trigger CHECK_STATUS_TRIGGER
--------------------------------------------------------

  CREATE OR REPLACE EDITIONABLE TRIGGER "CHECK_STATUS_TRIGGER" before insert or update on orders 
for each row
begin
    if :new.order_status != u'\0110ang x\1eed l\00fd' and :new.order_status != u'\0110ang v\1eadn chuy\1ec3n' and :new.order_status != u'V\1eadn chuy\1ec3n th\00e0nh c\00f4ng' then
    begin
        raise_application_error(-20001  , 'Order status is invalid');
    end;
    end if;
end;
/
ALTER TRIGGER "CHECK_STATUS_TRIGGER" ENABLE;
--------------------------------------------------------
--  DDL for Trigger CREATE_CART_ITEM_TRIGGER
--------------------------------------------------------

  CREATE OR REPLACE EDITIONABLE TRIGGER "CREATE_CART_ITEM_TRIGGER" before insert on cart_items
FOR EACH ROW
DECLARE
    e_count number;
    e_item_id number;
    new_quantity NUMBER;
begin
select count(item_id) into e_count
        from cart_items
        where cart_id_pk = :new.cart_id_pk and product_detail_id_pk = :new.product_detail_id_pk;
        if e_count > 0 then begin
     select item_id into e_item_id
        from cart_items
        where cart_id_pk = :new.cart_id_pk and product_detail_id_pk = :new.product_detail_id_pk;
        select (quantity + :new.quantity) into new_quantity
        from cart_items
        where cart_id_pk = :new.cart_id_pk and product_detail_id_pk = :new.product_detail_id_pk;
    if e_item_id is not null then begin
        if new_quantity <= get_inventory_function(:new.product_detail_id_pk) then
        begin
        delete from cart_items where cart_id_pk = :new.cart_id_pk and product_detail_id_pk = :new.product_detail_id_pk;
        :new.quantity := new_quantity;
        :new.item_id :=e_item_id;
        end;
        else begin
        raise_application_error(-20001
                , 'Out of stock');
        end;
        end if;
    end; end if;
    end; end if;
end;

/
ALTER TRIGGER "CREATE_CART_ITEM_TRIGGER" ENABLE;
--------------------------------------------------------
--  DDL for Trigger CREATE_CART_TIGGER
--------------------------------------------------------

  CREATE OR REPLACE EDITIONABLE TRIGGER "CREATE_CART_TIGGER" after insert on accounts
for each row
begin
    insert into carts(account_id_pk) values(:new.account_id);
end;

/
ALTER TRIGGER "CREATE_CART_TIGGER" ENABLE;
--------------------------------------------------------
--  DDL for Trigger CREATE_ORDER_TRIGGER
--------------------------------------------------------

  CREATE OR REPLACE EDITIONABLE TRIGGER "CREATE_ORDER_TRIGGER" after insert on orders 
for each row
begin
    FOR c_record IN (select ci.product_detail_id_pk ,p.new_price as price,ci.quantity   
        from cart_items ci, product_details p_d, products p ,carts c 
        where ci.product_detail_id_pk = p_d.product_detail_id  
        and p_d.product_id_pk = p.product_id and c.cart_id = ci.cart_id_pk
        and c.account_id_pk = :new.account_id_pk)
    LOOP
        insert into order_items(order_id_pk, product_detail_id_pk,price, quantity) values 
        (:new.order_id, c_record.product_detail_id_pk, c_record.price, c_record.quantity);
    END LOOP; 
    delete from cart_items where cart_id_pk = (select cart_id from carts where account_id_pk = :new.account_id_pk FETCH FIRST 1 ROWS ONLY);
end;

/
ALTER TRIGGER "CREATE_ORDER_TRIGGER" ENABLE;
--------------------------------------------------------
--  DDL for Trigger DROP_ORDER_TRIGGER
--------------------------------------------------------

  CREATE OR REPLACE EDITIONABLE TRIGGER "DROP_ORDER_TRIGGER" after delete on orders 
  for each row
  begin
    delete from order_items where order_id_pk = :old.order_id;   
  end;

/
ALTER TRIGGER "DROP_ORDER_TRIGGER" ENABLE;
--------------------------------------------------------
--  DDL for Trigger UPDATE_INVENTORY_TRIGGER
--------------------------------------------------------

  CREATE OR REPLACE EDITIONABLE TRIGGER "UPDATE_INVENTORY_TRIGGER" after insert or update or delete on order_items
FOR EACH ROW
begin 
    IF INSERTING THEN
        update product_details set inventory = inventory - :new.quantity 
            where product_detail_id = :new.product_detail_id_pk;
    elsif DELETING Then
        update product_details set inventory = inventory + :old.quantity 
            where product_detail_id = :old.product_detail_id_pk;
    elsif UPDATING Then
        update product_details set inventory = inventory + :old.quantity - :new.quantity 
            where product_detail_id = :new.product_detail_id_pk;
    else 
        update product_details set inventory = 0;
    end if;
end;

/
ALTER TRIGGER "UPDATE_INVENTORY_TRIGGER" ENABLE;
--------------------------------------------------------
--  DDL for Procedure REVENUES_BY_MONTHS_IN_YEAR_PROCEDURE
--------------------------------------------------------
set define off;

  CREATE OR REPLACE EDITIONABLE PROCEDURE "REVENUES_BY_MONTHS_IN_YEAR_PROCEDURE" (i_year number)
AS
  c1 SYS_REFCURSOR;  
begin
    open c1 for
    select to_char(created_at, 'YYYY') as year, 
    to_char(created_at, 'MM') as month,
    sum(get_total_price_function(order_id)) as revenue
    from orders where to_char(created_at, 'YYYY')=i_year
    group by to_char(created_at, 'YYYY'),to_char(created_at, 'MM');
    DBMS_SQL.RETURN_RESULT(c1);
end;


/
--------------------------------------------------------
--  DDL for Procedure VIEWACCOUNTORDERSPROC
--------------------------------------------------------
set define off;

  CREATE OR REPLACE EDITIONABLE PROCEDURE "VIEWACCOUNTORDERSPROC" (account_id number) is
    begin
        select * from orders;
    end;


/
--------------------------------------------------------
--  DDL for Function GET_INVENTORY_FUNCTION
--------------------------------------------------------

  CREATE OR REPLACE EDITIONABLE FUNCTION "GET_INVENTORY_FUNCTION" (i_product_detail_id number)
return number
is o_inventory number; begin
    select inventory into o_inventory from product_details where product_detail_id = i_product_detail_id;
    return o_inventory;
end;


/
--------------------------------------------------------
--  DDL for Function GET_TOTAL_PRICE_FUNCTION
--------------------------------------------------------

  CREATE OR REPLACE EDITIONABLE FUNCTION "GET_TOTAL_PRICE_FUNCTION" (i_order_id number)
return number
is o_total_price number;o_shipping_price number;
begin
    select sum(quantity * price) into o_total_price from order_items where order_id_pk = i_order_id;
    select shipping_price into o_shipping_price from orders where order_id = i_order_id;
    return (o_total_price - o_shipping_price);
end;


/
--------------------------------------------------------
--  Constraints for Table CART_ITEMS
--------------------------------------------------------

  ALTER TABLE "CART_ITEMS" MODIFY ("ITEM_ID" NOT NULL ENABLE);
  ALTER TABLE "CART_ITEMS" ADD CHECK (quantity > 0) ENABLE;
  ALTER TABLE "CART_ITEMS" ADD PRIMARY KEY ("ITEM_ID")
  USING INDEX PCTFREE 10 INITRANS 2 MAXTRANS 255 COMPUTE STATISTICS 
  STORAGE(INITIAL 65536 NEXT 1048576 MINEXTENTS 1 MAXEXTENTS 2147483645
  PCTINCREASE 0 FREELISTS 1 FREELIST GROUPS 1
  BUFFER_POOL DEFAULT FLASH_CACHE DEFAULT CELL_FLASH_CACHE DEFAULT)
  TABLESPACE "USERS"  ENABLE;
  ALTER TABLE "CART_ITEMS" ADD CHECK (quantity > 0) ENABLE;
  ALTER TABLE "CART_ITEMS" ADD CHECK (quantity > 0) ENABLE;
  ALTER TABLE "CART_ITEMS" ADD CHECK (quantity > 0) ENABLE;
--------------------------------------------------------
--  Constraints for Table COUPONS
--------------------------------------------------------

  ALTER TABLE "COUPONS" MODIFY ("COUPON_ID" NOT NULL ENABLE);
  ALTER TABLE "COUPONS" MODIFY ("PRICE_DISCOUNT" NOT NULL ENABLE);
  ALTER TABLE "COUPONS" ADD PRIMARY KEY ("COUPON_ID")
  USING INDEX PCTFREE 10 INITRANS 2 MAXTRANS 255 COMPUTE STATISTICS 
  STORAGE(INITIAL 65536 NEXT 1048576 MINEXTENTS 1 MAXEXTENTS 2147483645
  PCTINCREASE 0 FREELISTS 1 FREELIST GROUPS 1
  BUFFER_POOL DEFAULT FLASH_CACHE DEFAULT CELL_FLASH_CACHE DEFAULT)
  TABLESPACE "USERS"  ENABLE;
--------------------------------------------------------
--  Constraints for Table ORDER_ITEMS
--------------------------------------------------------

  ALTER TABLE "ORDER_ITEMS" MODIFY ("ITEM_ID" NOT NULL ENABLE);
  ALTER TABLE "ORDER_ITEMS" ADD PRIMARY KEY ("ITEM_ID")
  USING INDEX PCTFREE 10 INITRANS 2 MAXTRANS 255 COMPUTE STATISTICS 
  STORAGE(INITIAL 65536 NEXT 1048576 MINEXTENTS 1 MAXEXTENTS 2147483645
  PCTINCREASE 0 FREELISTS 1 FREELIST GROUPS 1
  BUFFER_POOL DEFAULT FLASH_CACHE DEFAULT CELL_FLASH_CACHE DEFAULT)
  TABLESPACE "USERS"  ENABLE;
--------------------------------------------------------
--  Constraints for Table PRODUCTS
--------------------------------------------------------

  ALTER TABLE "PRODUCTS" MODIFY ("PRODUCT_ID" NOT NULL ENABLE);
  ALTER TABLE "PRODUCTS" MODIFY ("CREATED_AT" NOT NULL ENABLE);
  ALTER TABLE "PRODUCTS" MODIFY ("PRODUCT_NAME" NOT NULL ENABLE);
  ALTER TABLE "PRODUCTS" ADD CHECK (price > 0) ENABLE;
  ALTER TABLE "PRODUCTS" ADD CHECK (new_price > 0) ENABLE;
  ALTER TABLE "PRODUCTS" ADD PRIMARY KEY ("PRODUCT_ID")
  USING INDEX PCTFREE 10 INITRANS 2 MAXTRANS 255 COMPUTE STATISTICS 
  STORAGE(INITIAL 65536 NEXT 1048576 MINEXTENTS 1 MAXEXTENTS 2147483645
  PCTINCREASE 0 FREELISTS 1 FREELIST GROUPS 1
  BUFFER_POOL DEFAULT FLASH_CACHE DEFAULT CELL_FLASH_CACHE DEFAULT)
  TABLESPACE "USERS"  ENABLE;
  ALTER TABLE "PRODUCTS" ADD UNIQUE ("PRODUCT_ALIAS")
  USING INDEX PCTFREE 10 INITRANS 2 MAXTRANS 255 COMPUTE STATISTICS 
  STORAGE(INITIAL 65536 NEXT 1048576 MINEXTENTS 1 MAXEXTENTS 2147483645
  PCTINCREASE 0 FREELISTS 1 FREELIST GROUPS 1
  BUFFER_POOL DEFAULT FLASH_CACHE DEFAULT CELL_FLASH_CACHE DEFAULT)
  TABLESPACE "USERS"  ENABLE;
  ALTER TABLE "PRODUCTS" ADD CHECK (new_price > 0) ENABLE;
  ALTER TABLE "PRODUCTS" ADD CHECK (price > 0) ENABLE;
  ALTER TABLE "PRODUCTS" ADD CHECK (new_price > 0) ENABLE;
  ALTER TABLE "PRODUCTS" ADD CHECK (new_price > 0) ENABLE;
  ALTER TABLE "PRODUCTS" ADD CHECK (price > 0) ENABLE;
  ALTER TABLE "PRODUCTS" ADD CHECK (new_price > 0) ENABLE;
  ALTER TABLE "PRODUCTS" ADD CHECK (new_price > 0) ENABLE;
  ALTER TABLE "PRODUCTS" ADD CHECK (price > 0) ENABLE;
  ALTER TABLE "PRODUCTS" ADD CHECK (new_price > 0) ENABLE;
  ALTER TABLE "PRODUCTS" ADD CHECK (new_price > 0) ENABLE;
--------------------------------------------------------
--  Constraints for Table WISHLIST_ITEMS
--------------------------------------------------------

  ALTER TABLE "WISHLIST_ITEMS" MODIFY ("ITEM_ID" NOT NULL ENABLE);
  ALTER TABLE "WISHLIST_ITEMS" ADD PRIMARY KEY ("ITEM_ID")
  USING INDEX PCTFREE 10 INITRANS 2 MAXTRANS 255 COMPUTE STATISTICS 
  STORAGE(INITIAL 65536 NEXT 1048576 MINEXTENTS 1 MAXEXTENTS 2147483645
  PCTINCREASE 0 FREELISTS 1 FREELIST GROUPS 1
  BUFFER_POOL DEFAULT FLASH_CACHE DEFAULT CELL_FLASH_CACHE DEFAULT)
  TABLESPACE "USERS"  ENABLE;
--------------------------------------------------------
--  Constraints for Table VARIANTS
--------------------------------------------------------

  ALTER TABLE "VARIANTS" MODIFY ("VARIANT_ID" NOT NULL ENABLE);
  ALTER TABLE "VARIANTS" MODIFY ("VARIANT_NAME" NOT NULL ENABLE);
  ALTER TABLE "VARIANTS" ADD PRIMARY KEY ("VARIANT_ID")
  USING INDEX PCTFREE 10 INITRANS 2 MAXTRANS 255 COMPUTE STATISTICS 
  STORAGE(INITIAL 65536 NEXT 1048576 MINEXTENTS 1 MAXEXTENTS 2147483645
  PCTINCREASE 0 FREELISTS 1 FREELIST GROUPS 1
  BUFFER_POOL DEFAULT FLASH_CACHE DEFAULT CELL_FLASH_CACHE DEFAULT)
  TABLESPACE "USERS"  ENABLE;
--------------------------------------------------------
--  Constraints for Table CARTS
--------------------------------------------------------

  ALTER TABLE "CARTS" ADD PRIMARY KEY ("CART_ID")
  USING INDEX PCTFREE 10 INITRANS 2 MAXTRANS 255 COMPUTE STATISTICS 
  STORAGE(INITIAL 65536 NEXT 1048576 MINEXTENTS 1 MAXEXTENTS 2147483645
  PCTINCREASE 0 FREELISTS 1 FREELIST GROUPS 1
  BUFFER_POOL DEFAULT FLASH_CACHE DEFAULT CELL_FLASH_CACHE DEFAULT)
  TABLESPACE "USERS"  ENABLE;
  ALTER TABLE "CARTS" MODIFY ("CART_ID" NOT NULL ENABLE);
--------------------------------------------------------
--  Constraints for Table ORDERS
--------------------------------------------------------

  ALTER TABLE "ORDERS" MODIFY ("ORDER_ID" NOT NULL ENABLE);
  ALTER TABLE "ORDERS" MODIFY ("ORDER_STATUS" NOT NULL ENABLE);
  ALTER TABLE "ORDERS" MODIFY ("SHIPPING_PRICE" NOT NULL ENABLE);
  ALTER TABLE "ORDERS" ADD CHECK (shipping_price >=0) ENABLE;
  ALTER TABLE "ORDERS" ADD PRIMARY KEY ("ORDER_ID")
  USING INDEX PCTFREE 10 INITRANS 2 MAXTRANS 255 COMPUTE STATISTICS 
  STORAGE(INITIAL 65536 NEXT 1048576 MINEXTENTS 1 MAXEXTENTS 2147483645
  PCTINCREASE 0 FREELISTS 1 FREELIST GROUPS 1
  BUFFER_POOL DEFAULT FLASH_CACHE DEFAULT CELL_FLASH_CACHE DEFAULT)
  TABLESPACE "USERS"  ENABLE;
  ALTER TABLE "ORDERS" ADD CHECK (shipping_price >=0) ENABLE;
  ALTER TABLE "ORDERS" ADD CHECK (shipping_price >=0) ENABLE;
  ALTER TABLE "ORDERS" ADD CHECK (shipping_price >=0) ENABLE;
--------------------------------------------------------
--  Constraints for Table PRODUCT_CATEGORIES
--------------------------------------------------------

  ALTER TABLE "PRODUCT_CATEGORIES" MODIFY ("ITEM_ID" NOT NULL ENABLE);
  ALTER TABLE "PRODUCT_CATEGORIES" ADD PRIMARY KEY ("ITEM_ID")
  USING INDEX PCTFREE 10 INITRANS 2 MAXTRANS 255 COMPUTE STATISTICS 
  STORAGE(INITIAL 65536 NEXT 1048576 MINEXTENTS 1 MAXEXTENTS 2147483645
  PCTINCREASE 0 FREELISTS 1 FREELIST GROUPS 1
  BUFFER_POOL DEFAULT FLASH_CACHE DEFAULT CELL_FLASH_CACHE DEFAULT)
  TABLESPACE "USERS"  ENABLE;
--------------------------------------------------------
--  Constraints for Table PRODUCT_DETAILS
--------------------------------------------------------

  ALTER TABLE "PRODUCT_DETAILS" MODIFY ("PRODUCT_DETAIL_ID" NOT NULL ENABLE);
  ALTER TABLE "PRODUCT_DETAILS" MODIFY ("INVENTORY" NOT NULL ENABLE);
  ALTER TABLE "PRODUCT_DETAILS" MODIFY ("WEIGHT" NOT NULL ENABLE);
  ALTER TABLE "PRODUCT_DETAILS" MODIFY ("TITLE" NOT NULL ENABLE);
  ALTER TABLE "PRODUCT_DETAILS" MODIFY ("SKU" NOT NULL ENABLE);
  ALTER TABLE "PRODUCT_DETAILS" ADD CHECK (inventory >= 0) ENABLE;
  ALTER TABLE "PRODUCT_DETAILS" ADD PRIMARY KEY ("PRODUCT_DETAIL_ID")
  USING INDEX PCTFREE 10 INITRANS 2 MAXTRANS 255 COMPUTE STATISTICS 
  STORAGE(INITIAL 65536 NEXT 1048576 MINEXTENTS 1 MAXEXTENTS 2147483645
  PCTINCREASE 0 FREELISTS 1 FREELIST GROUPS 1
  BUFFER_POOL DEFAULT FLASH_CACHE DEFAULT CELL_FLASH_CACHE DEFAULT)
  TABLESPACE "USERS"  ENABLE;
  ALTER TABLE "PRODUCT_DETAILS" ADD UNIQUE ("SKU")
  USING INDEX PCTFREE 10 INITRANS 2 MAXTRANS 255 COMPUTE STATISTICS 
  STORAGE(INITIAL 65536 NEXT 1048576 MINEXTENTS 1 MAXEXTENTS 2147483645
  PCTINCREASE 0 FREELISTS 1 FREELIST GROUPS 1
  BUFFER_POOL DEFAULT FLASH_CACHE DEFAULT CELL_FLASH_CACHE DEFAULT)
  TABLESPACE "USERS"  ENABLE;
  ALTER TABLE "PRODUCT_DETAILS" ADD CHECK (inventory >= 0) ENABLE;
  ALTER TABLE "PRODUCT_DETAILS" ADD CHECK (inventory >= 0) ENABLE;
  ALTER TABLE "PRODUCT_DETAILS" ADD CHECK (inventory >= 0) ENABLE;
  ALTER TABLE "PRODUCT_DETAILS" ADD CHECK (inventory >= 0) ENABLE;
  ALTER TABLE "PRODUCT_DETAILS" ADD CHECK (inventory >= 0) ENABLE;
  ALTER TABLE "PRODUCT_DETAILS" ADD CHECK (inventory >= 0) ENABLE;
  ALTER TABLE "PRODUCT_DETAILS" ADD CHECK (inventory >= 0) ENABLE;
--------------------------------------------------------
--  Constraints for Table ACCOUNTS
--------------------------------------------------------

  ALTER TABLE "ACCOUNTS" MODIFY ("ACCOUNT_ID" NOT NULL ENABLE);
  ALTER TABLE "ACCOUNTS" MODIFY ("ACCOUNT_ROLE" NOT NULL ENABLE);
  ALTER TABLE "ACCOUNTS" MODIFY ("CREATED_AT" NOT NULL ENABLE);
  ALTER TABLE "ACCOUNTS" MODIFY ("EMAIL" NOT NULL ENABLE);
  ALTER TABLE "ACCOUNTS" MODIFY ("HASHED_PASSWORD" NOT NULL ENABLE);
  ALTER TABLE "ACCOUNTS" MODIFY ("FULL_NAME" NOT NULL ENABLE);
  ALTER TABLE "ACCOUNTS" MODIFY ("PHONE" NOT NULL ENABLE);
  ALTER TABLE "ACCOUNTS" ADD CHECK (account_role in ('Customer', 'Admin')) ENABLE;
  ALTER TABLE "ACCOUNTS" ADD PRIMARY KEY ("ACCOUNT_ID")
  USING INDEX PCTFREE 10 INITRANS 2 MAXTRANS 255 COMPUTE STATISTICS 
  STORAGE(INITIAL 65536 NEXT 1048576 MINEXTENTS 1 MAXEXTENTS 2147483645
  PCTINCREASE 0 FREELISTS 1 FREELIST GROUPS 1
  BUFFER_POOL DEFAULT FLASH_CACHE DEFAULT CELL_FLASH_CACHE DEFAULT)
  TABLESPACE "USERS"  ENABLE;
  ALTER TABLE "ACCOUNTS" ADD UNIQUE ("EMAIL")
  USING INDEX PCTFREE 10 INITRANS 2 MAXTRANS 255 COMPUTE STATISTICS 
  STORAGE(INITIAL 65536 NEXT 1048576 MINEXTENTS 1 MAXEXTENTS 2147483645
  PCTINCREASE 0 FREELISTS 1 FREELIST GROUPS 1
  BUFFER_POOL DEFAULT FLASH_CACHE DEFAULT CELL_FLASH_CACHE DEFAULT)
  TABLESPACE "USERS"  ENABLE;
  ALTER TABLE "ACCOUNTS" ADD UNIQUE ("PHONE")
  USING INDEX PCTFREE 10 INITRANS 2 MAXTRANS 255 COMPUTE STATISTICS 
  STORAGE(INITIAL 65536 NEXT 1048576 MINEXTENTS 1 MAXEXTENTS 2147483645
  PCTINCREASE 0 FREELISTS 1 FREELIST GROUPS 1
  BUFFER_POOL DEFAULT FLASH_CACHE DEFAULT CELL_FLASH_CACHE DEFAULT)
  TABLESPACE "USERS"  ENABLE;
  ALTER TABLE "ACCOUNTS" ADD CHECK (account_role in ('Customer', 'Admin')) ENABLE;
  ALTER TABLE "ACCOUNTS" ADD CHECK (account_role in ('Customer', 'Admin')) ENABLE;
  ALTER TABLE "ACCOUNTS" ADD CHECK (account_role in ('Customer', 'Admin')) ENABLE;
--------------------------------------------------------
--  Constraints for Table CATEGORIES
--------------------------------------------------------

  ALTER TABLE "CATEGORIES" MODIFY ("CATEGORY_ID" NOT NULL ENABLE);
  ALTER TABLE "CATEGORIES" MODIFY ("CATEGORY_NAME" NOT NULL ENABLE);
  ALTER TABLE "CATEGORIES" ADD UNIQUE ("CATEGORY_ALIAS")
  USING INDEX PCTFREE 10 INITRANS 2 MAXTRANS 255 COMPUTE STATISTICS 
  STORAGE(INITIAL 65536 NEXT 1048576 MINEXTENTS 1 MAXEXTENTS 2147483645
  PCTINCREASE 0 FREELISTS 1 FREELIST GROUPS 1
  BUFFER_POOL DEFAULT FLASH_CACHE DEFAULT CELL_FLASH_CACHE DEFAULT)
  TABLESPACE "USERS"  ENABLE;
  ALTER TABLE "CATEGORIES" ADD CONSTRAINT "CATEGORIES_PK" PRIMARY KEY ("CATEGORY_ID")
  USING INDEX "CATEGORIES_PK"  ENABLE;
--------------------------------------------------------
--  Constraints for Table VARIANT_VALUES
--------------------------------------------------------

  ALTER TABLE "VARIANT_VALUES" MODIFY ("VARIANT_VALUE_ID" NOT NULL ENABLE);
  ALTER TABLE "VARIANT_VALUES" ADD PRIMARY KEY ("VARIANT_VALUE_ID")
  USING INDEX PCTFREE 10 INITRANS 2 MAXTRANS 255 COMPUTE STATISTICS 
  STORAGE(INITIAL 65536 NEXT 1048576 MINEXTENTS 1 MAXEXTENTS 2147483645
  PCTINCREASE 0 FREELISTS 1 FREELIST GROUPS 1
  BUFFER_POOL DEFAULT FLASH_CACHE DEFAULT CELL_FLASH_CACHE DEFAULT)
  TABLESPACE "USERS"  ENABLE;
--------------------------------------------------------
--  Ref Constraints for Table CARTS
--------------------------------------------------------

  ALTER TABLE "CARTS" ADD CONSTRAINT "CARTS_FK_ACCOUNTS" FOREIGN KEY ("ACCOUNT_ID_PK")
	  REFERENCES "ACCOUNTS" ("ACCOUNT_ID") ENABLE;
--------------------------------------------------------
--  Ref Constraints for Table CART_ITEMS
--------------------------------------------------------

  ALTER TABLE "CART_ITEMS" ADD CONSTRAINT "CART_ITEMS_FK_PRODUCT_DETAILS" FOREIGN KEY ("PRODUCT_DETAIL_ID_PK")
	  REFERENCES "PRODUCT_DETAILS" ("PRODUCT_DETAIL_ID") ENABLE;
  ALTER TABLE "CART_ITEMS" ADD CONSTRAINT "CART_ITEMS_FK_CARTS" FOREIGN KEY ("CART_ID_PK")
	  REFERENCES "CARTS" ("CART_ID") ENABLE;
--------------------------------------------------------
--  Ref Constraints for Table ORDERS
--------------------------------------------------------

  ALTER TABLE "ORDERS" ADD CONSTRAINT "ORDERS_FK_ACCOUNTS" FOREIGN KEY ("ACCOUNT_ID_PK")
	  REFERENCES "ACCOUNTS" ("ACCOUNT_ID") ENABLE;
--------------------------------------------------------
--  Ref Constraints for Table ORDER_COUPONS
--------------------------------------------------------

  ALTER TABLE "ORDER_COUPONS" ADD CONSTRAINT "ORDER_COUPONS_FK_ORDERS" FOREIGN KEY ("ORDER_ID_PK")
	  REFERENCES "ORDERS" ("ORDER_ID") ENABLE;
  ALTER TABLE "ORDER_COUPONS" ADD CONSTRAINT "ORDER_COUPONS_FK_COUPONS" FOREIGN KEY ("COUPON_ID_PK")
	  REFERENCES "COUPONS" ("COUPON_ID") ENABLE;
--------------------------------------------------------
--  Ref Constraints for Table ORDER_ITEMS
--------------------------------------------------------

  ALTER TABLE "ORDER_ITEMS" ADD CONSTRAINT "ORDER_ITEMS_FK_PRODUCT_DETAILS" FOREIGN KEY ("PRODUCT_DETAIL_ID_PK")
	  REFERENCES "PRODUCT_DETAILS" ("PRODUCT_DETAIL_ID") ENABLE;
  ALTER TABLE "ORDER_ITEMS" ADD CONSTRAINT "ORDER_ITEMS_FK_ORDERS" FOREIGN KEY ("ORDER_ID_PK")
	  REFERENCES "ORDERS" ("ORDER_ID") ENABLE;
--------------------------------------------------------
--  Ref Constraints for Table PRODUCT_CATEGORIES
--------------------------------------------------------

  ALTER TABLE "PRODUCT_CATEGORIES" ADD CONSTRAINT "PRODUCT_CATEGORIES_FK_PRODUCTS" FOREIGN KEY ("PRODUCT_ID_PK")
	  REFERENCES "PRODUCTS" ("PRODUCT_ID") ENABLE;
  ALTER TABLE "PRODUCT_CATEGORIES" ADD CONSTRAINT "PRODUCT_CATEGORIES_FK_CATEGORIES" FOREIGN KEY ("CATEGORY_ID_PK")
	  REFERENCES "CATEGORIES" ("CATEGORY_ID") ENABLE;
--------------------------------------------------------
--  Ref Constraints for Table PRODUCT_DETAILS
--------------------------------------------------------

  ALTER TABLE "PRODUCT_DETAILS" ADD CONSTRAINT "P_PD_FK" FOREIGN KEY ("PRODUCT_ID_PK")
	  REFERENCES "PRODUCTS" ("PRODUCT_ID") ENABLE;
--------------------------------------------------------
--  Ref Constraints for Table PRODUCT_VARIANT_DETAILS
--------------------------------------------------------

  ALTER TABLE "PRODUCT_VARIANT_DETAILS" ADD CONSTRAINT "PRODUCT_VARIANT_DETAILS_FK_PRODUCT_DETAILS" FOREIGN KEY ("PRODUCT_DETAIL_ID_PK")
	  REFERENCES "PRODUCT_DETAILS" ("PRODUCT_DETAIL_ID") ENABLE;
  ALTER TABLE "PRODUCT_VARIANT_DETAILS" ADD CONSTRAINT "PRODUCT_VARIANT_DETAILS_FK_VARIANT_VALUES" FOREIGN KEY ("VARIANT_VALUE_ID_PK")
	  REFERENCES "VARIANT_VALUES" ("VARIANT_VALUE_ID") ENABLE;
--------------------------------------------------------
--  Ref Constraints for Table WISHLIST_ITEMS
--------------------------------------------------------

  ALTER TABLE "WISHLIST_ITEMS" ADD CONSTRAINT "WISHLIST_ITEMS_FK_ACCOUNTS" FOREIGN KEY ("ACCOUNT_ID_PK")
	  REFERENCES "ACCOUNTS" ("ACCOUNT_ID") ENABLE;
  ALTER TABLE "WISHLIST_ITEMS" ADD CONSTRAINT "WISHLIST_ITEMS_FK_PRODUCTS" FOREIGN KEY ("PRODUCT_ID_PK")
	  REFERENCES "PRODUCTS" ("PRODUCT_ID") ENABLE;
